occode,order,initial_size,final_size,growth_pct,fold_growth,industry
1,Government,211.0,13810.0,6445.023696682465,65.45023696682465,Government Telephone and Telegraph
2,Government,5147.0,49244.0,856.751505731494,9.56751505731494,nan
3,Government,4363.0,49768.0,1040.6830162732065,11.406830162732065,nan
4,Government,1507.0,15718.0,942.9993364299934,10.429993364299934,nan
5,Government,4627.0,1913.0,-58.65571644694187,0.41344283553058137,nan
6,Government,6342.0,20176.0,218.1330810469883,3.181330810469883,nan
7,Government,611.0,644.0,5.400981996726677,1.0540098199672667,nan
8,Government,3971.0,13947.0,251.22135482246284,3.5122135482246284,nan
9,Government,2038.0,4435.0,117.6153091265947,2.176153091265947,nan
10,Government,1329.0,5023.0,277.95334838224227,3.779533483822423,nan
11,Government,15051.0,69884.0,364.3146634775098,4.643146634775098,nan
12,Government,4384.0,14018.0,219.75364963503648,3.1975364963503647,nan
13,Government,1875.0,16829.0,797.5466666666666,8.975466666666666,nan
14,Government,3460.0,9164.0,164.85549132947978,2.648554913294798,nan
15,Government,992.0,3006.0,203.0241935483871,3.030241935483871,nan
16,Government,638.0,1773.0,177.89968652037618,2.7789968652037618,nan
17,Defence,1519.0,3386.0,122.90980908492428,2.229098090849243,nan
18,Defence,1157.0,1654.0,42.95592048401037,1.4295592048401038,nan
19,Defence,2138.0,9363.0,337.93264733395694,4.37932647333957,nan
20,Defence,31412.0,57547.0,83.2006876352986,1.8320068763529862,nan
21,Defence,1264.0,2320.0,83.54430379746836,1.8354430379746836,nan
22,Defence,2083.0,5614.0,169.51512241958713,2.6951512241958713,nan
24,Defence,4595.0,25692.0,459.1294885745375,5.591294885745375,nan
25,Defence,1224.0,2171.0,77.36928104575163,1.7736928104575163,nan
27,Defence,9088.0,19928.0,119.2781690140845,2.192781690140845,nan
28,Professions,15781.0,20509.0,29.960078575502187,1.2996007857550218,nan
29,Professions,984.0,3727.0,278.760162601626,3.78760162601626,nan
30,Professions,627.0,1191.0,89.95215311004785,1.8995215311004785,nan
31,Professions,5.0,22.0,340.0,4.4,nan
32,Professions,425.0,1177.0,176.94117647058823,2.7694117647058825,nan
33,Professions,6199.0,12682.0,104.58138409420874,2.0458138409420874,nan
34,Professions,1119.0,8749.0,681.8588025022342,7.818588025022342,nan
35,Professions,2665.0,4656.0,74.70919324577862,1.747091932457786,nan
36,Professions,1257.0,5439.0,332.6968973747017,4.326968973747016,nan
37,Professions,7584.0,12844.0,69.35654008438819,1.6935654008438819,nan
38,Professions,4153.0,4653.0,12.039489525644113,1.120394895256441,nan
39,Professions,8183.0,19166.0,134.21727972626175,2.3421727972626174,nan
40,Professions,10226.0,32640.0,219.18638763935067,3.1918638763935068,nan
41,Professions,4524.0,4106.0,-9.239610963748895,0.9076038903625111,nan
42,Professions,9237.0,23893.0,158.66623362563604,2.58666233625636,nan
43,Professions,1111.0,8611.0,675.0675067506751,7.750675067506751,nan
44,Professions,2981.0,3012.0,1.039919490103992,1.01039919490104,nan
45,Professions,5414.0,7393.0,36.55338012560029,1.365533801256003,nan
46,Professions,42766.0,28885.0,-32.458027404947856,0.6754197259505215,nan
47,Professions,6286.0,65326.0,939.2300349984092,10.392300349984092,nan
48,Professions,1033.0,1223.0,18.39303000968054,1.1839303000968053,nan
49,Professions,697.0,3915.0,461.69296987087523,5.616929698708752,nan
50,Professions,1791.0,6117.0,241.54103852596313,3.4154103852596314,nan
51,Professions,1026.0,6152.0,499.6101364522417,5.996101364522417,nan
52,Professions,61195.0,231213.0,277.82988806275023,3.7782988806275024,nan
53,Professions,2968.0,5005.0,68.63207547169812,1.6863207547169812,nan
54,Professions,7397.0,13589.0,83.70961200486684,1.8370961200486684,nan
55,Professions,1873.0,14232.0,659.8505072076881,7.598505072076882,nan
56,Professions,414.0,12173.0,2840.3381642512077,29.403381642512077,nan
57,Professions,545.0,4542.0,733.394495412844,8.333944954128441,nan
58,Professions,804.0,2840.0,253.23383084577117,3.5323383084577116,nan
59,Professions,194.0,1227.0,532.4742268041236,6.324742268041237,nan
60,Professions,200.0,4527.0,2163.5,22.635,nan
61,Professions,840.0,5680.0,576.1904761904761,6.761904761904762,nan
62,Professions,733.0,3308.0,351.29604365620736,4.512960436562073,nan
63,Professions,1206.0,5175.0,329.1044776119403,4.291044776119403,nan
64,Professions,2091.0,11514.0,450.6456241032999,5.506456241032999,nan
65,Professions,438.0,3650.0,733.3333333333333,8.333333333333334,nan
66,Professions,3780.0,6682.0,76.77248677248677,1.7677248677248678,nan
67,Professions,22.0,1718.0,7709.090909090909,78.0909090909091,nan
68,Professions,,5.0,,,nan
69,Professions,292.0,1932.0,561.6438356164384,6.616438356164384,nan
70,Professions,4752.0,12607.0,165.29882154882154,2.6529882154882154,nan
71,Professions,990.0,2238.0,126.06060606060605,2.2606060606060607,nan
72,Professions,2016.0,9609.0,376.63690476190476,4.7663690476190474,nan
73,Professions,4474.0,6960.0,55.565489494859186,1.5556548949485918,nan
74,Professions,24.0,103.0,329.16666666666663,4.291666666666667,nan
75,Professions,76.0,14611.0,19125.0,192.25,Photographers
76,Professions,10876.0,47764.0,339.16881206325854,4.391688120632585,nan
77,Professions,1683.0,13771.0,718.2412358882947,8.182412358882948,nan
78,Professions,617.0,1771.0,187.03403565640195,2.8703403565640193,nan
79,Professions,1053.0,12081.0,1047.2934472934473,11.472934472934472,nan
80,Professions,641.0,8002.0,1148.361934477379,12.48361934477379,nan
81,Professions,1727.0,19629.0,1036.595251881876,11.36595251881876,nan
82,Domestic,1667.0,20305.0,1118.0563887222556,12.180563887222556,nan
83,Domestic,1319.0,9015.0,583.4723275208491,6.834723275208491,nan
84,Domestic,940115.0,1365943.0,45.29530961637672,1.452953096163767,nan
85,Domestic,4018.0,61788.0,1437.7799900447985,15.377799900447984,nan
86,Domestic,15.0,18904.0,125926.66666666667,1260.2666666666667,Private Driver
87,Domestic,5453.0,119932.0,2099.3764900055016,21.993764900055016,nan
88,Domestic,7875.0,18954.0,140.68571428571428,2.406857142857143,nan
89,Domestic,513.0,5003.0,875.2436647173489,9.75243664717349,nan
90,Domestic,1636.0,12017.0,634.5354523227384,7.345354523227384,nan
91,Domestic,8077.0,11079.0,37.167265073665966,1.3716726507366597,nan
92,Domestic,,2.0,,,nan
93,Domestic,1698.0,27390.0,1513.0742049469964,16.130742049469966,nan
94,Domestic,3582.0,7323.0,104.43886097152428,2.044388609715243,nan
95,Domestic,1179.0,3977.0,237.31976251060217,3.373197625106022,nan
96,Domestic,,4.0,,,nan
97,Domestic,790.0,40500.0,5026.5822784810125,51.265822784810126,Janitors
98,Domestic,1383.0,14567.0,953.2899493853942,10.532899493853941,nan
99,Domestic,651.0,2794.0,329.1858678955453,4.291858678955453,nan
100,Domestic,1500.0,5765.0,284.3333333333333,3.8433333333333333,nan
101,Domestic,44849.0,162435.0,262.1819884501327,3.6218198845013267,nan
102,Domestic,18278.0,102939.0,463.18525002735527,5.631852500273553,nan
103,Domestic,797.0,1825.0,128.9836888331242,2.289836888331242,nan
104,Domestic,49016.0,120902.0,146.65823404602577,2.466582340460258,nan
105,Domestic,130341.0,161500.0,23.90575490444296,1.2390575490444296,nan
106,Domestic,1508.0,4530.0,200.3978779840849,3.003978779840849,nan
107,Domestic,16973.0,11638.0,-31.432274789371355,0.6856772521062865,nan
108,Domestic,13377.0,18753.0,40.1883830455259,1.401883830455259,nan
109,Domestic,1522.0,13437.0,782.8515111695137,8.828515111695138,nan
110,Domestic,454.0,16456.0,3524.669603524229,36.24669603524229,nan
111,Commerce,9279.0,13040.0,40.532384955275354,1.4053238495527536,nan
112,Commerce,8522.0,23866.0,180.05163107251818,2.800516310725182,nan
113,Commerce,1690.0,23139.0,1269.1715976331361,13.691715976331361,nan
114,Commerce,13487.0,94699.0,602.1502187291466,7.021502187291466,nan
115,Commerce,4995.0,22704.0,354.53453453453454,4.545345345345345,nan
116,Commerce,5060.0,16487.0,225.83003952569172,3.258300395256917,nan
117,Commerce,3957.0,18014.0,355.2438716199141,4.55243871619914,nan
118,Commerce,1014.0,17560.0,1631.7554240631164,17.317554240631164,nan
119,Commerce,45302.0,473652.0,945.5432431239238,10.455432431239238,nan
120,Commerce,1601.0,13960.0,771.9550281074328,8.719550281074328,nan
121,Commerce,4515.0,39230.0,768.8815060908084,8.688815060908084,nan
122,Commerce,677.0,1866.0,175.6277695716396,2.756277695716396,nan
123,Commerce,900.0,32621.0,3524.5555555555557,36.245555555555555,nan
124,Commerce,1392.0,55331.0,3874.92816091954,39.7492816091954,Insurance
125,Conveyancing,7568.0,82775.0,993.75,10.9375,nan
126,Conveyancing,166.0,4574.0,2655.421686746988,27.55421686746988,nan
127,Conveyancing,1977.0,64362.0,3155.5386949924127,32.55538694992413,nan
128,Conveyancing,2214.0,26740.0,1107.7687443541101,12.077687443541102,nan
129,Conveyancing,224.0,27608.0,12225.0,123.25,Railway Signalman
130,Conveyancing,865.0,14986.0,1632.4855491329479,17.32485549132948,nan
131,Conveyancing,4581.0,51146.0,1016.4811176598995,11.164811176598995,nan
132,Conveyancing,25055.0,19978.0,-20.263420474955097,0.797365795250449,nan
133,Conveyancing,9199.0,56965.0,519.2520926187628,6.192520926187629,nan
134,Conveyancing,1453.0,24428.0,1581.2112869924295,16.812112869924295,nan
135,Conveyancing,4360.0,7479.0,71.53669724770643,1.7153669724770642,nan
136,Conveyancing,3356.0,6100.0,81.76400476758046,1.8176400476758046,nan
137,Conveyancing,4299.0,11813.0,174.78483368225167,2.747848336822517,nan
138,Conveyancing,23254.0,41409.0,78.07258966199365,1.7807258966199364,nan
139,Conveyancing,45384.0,48579.0,7.039925965097832,1.0703992596509784,nan
140,Conveyancing,119.0,13455.0,11206.72268907563,113.0672268907563,nan
141,Conveyancing,48377.0,204088.0,321.86989685180976,4.218698968518098,nan
142,Conveyancing,1352.0,10561.0,681.1390532544378,7.811390532544379,nan
143,Conveyancing,4372.0,29647.0,578.1107044830742,6.781107044830741,nan
144,Conveyancing,222.0,6217.0,2700.4504504504503,28.004504504504503,nan
145,Conveyancing,3754.0,20121.0,435.98827916888655,5.359882791688865,nan
146,Conveyancing,164.0,2598.0,1484.1463414634147,15.841463414634147,nan
147,Conveyancing,459.0,2803.0,510.6753812636166,6.106753812636166,nan
148,Conveyancing,1934.0,11410.0,489.9689762150983,5.899689762150983,nan
149,Conveyancing,46.0,4482.0,9643.478260869566,97.43478260869566,nan
150,Conveyancing,953.0,3850.0,303.98740818467996,4.0398740818468,nan
151,Conveyancing,293.0,1543.0,426.6211604095563,5.266211604095563,nan
152,Conveyancing,438.0,14422.0,3192.6940639269405,32.926940639269404,nan
153,Conveyancing,31.0,12452.0,40067.74193548387,401.6774193548387,Bus Driver
154,Conveyancing,78.0,6084.0,7700.0,78.0,nan
155,Conveyancing,2562.0,530.0,-79.31303669008587,0.2068696330991413,nan
156,Conveyancing,483.0,1563.0,223.60248447204967,3.2360248447204967,nan
157,Conveyancing,42090.0,46132.0,9.603231171299596,1.096032311712996,nan
158,Conveyancing,708.0,24310.0,3333.6158192090393,34.336158192090394,nan
159,Conveyancing,1103.0,15525.0,1307.5249320036266,14.075249320036265,nan
160,Conveyancing,15885.0,19180.0,20.74283915643689,1.2074283915643689,nan
161,Conveyancing,2927.0,3910.0,33.583874274000685,1.335838742740007,nan
162,Conveyancing,17103.0,22156.0,29.544524352452783,1.2954452435245278,nan
163,Conveyancing,1585.0,3307.0,108.64353312302839,2.086435331230284,nan
164,Conveyancing,2408.0,2659.0,10.42358803986711,1.1042358803986712,nan
165,Conveyancing,911.0,2921.0,220.63666300768386,3.2063666300768388,nan
166,Conveyancing,17975.0,96869.0,438.9095966620306,5.389095966620306,nan
167,Conveyancing,1230.0,5230.0,325.2032520325203,4.252032520325203,nan
168,Conveyancing,19008.0,84296.0,343.47643097643095,4.43476430976431,nan
169,Conveyancing,826.0,4127.0,399.63680387409204,4.99636803874092,nan
170,Conveyancing,9581.0,39006.0,307.11825487944895,4.071182548794489,nan
171,Conveyancing,103505.0,218156.0,110.76856190522197,2.1076856190522197,nan
172,Conveyancing,146.0,21993.0,14963.698630136985,150.63698630136986,Telephone and Telegraph
173,Agriculture,270189.0,255177.0,-5.556110722494254,0.9444388927750574,nan
174,Agriculture,3272.0,973.0,-70.26283618581907,0.2973716381418093,nan
175,Agriculture,201810.0,107072.0,-46.94415539368713,0.5305584460631286,nan
176,Agriculture,319.0,1561.0,389.34169278996865,4.893416927899686,nan
177,Agriculture,12529.0,29293.0,133.801580333626,2.3380158033362597,nan
178,Agriculture,14328.0,20537.0,43.33472920156337,1.4333472920156338,nan
179,Agriculture,11188.0,74327.0,564.3457275652485,6.643457275652485,nan
180,Agriculture,10790.0,126887.0,1075.9684893419833,11.759684893419832,nan
181,Agriculture,1084589.0,471742.0,-56.50499866769809,0.43495001332301914,nan
182,Agriculture,7650.0,12535.0,63.85620915032679,1.638562091503268,nan
183,Agriculture,3143.0,30816.0,880.4645243398028,9.804645243398028,nan
184,Agriculture,3977.0,33977.0,754.3374402816193,8.543374402816193,nan
185,Agriculture,64500.0,86124.0,33.52558139534884,1.3352558139534885,nan
186,Agriculture,566.0,5741.0,914.3109540636042,10.143109540636042,nan
187,Agriculture,433.0,1210.0,179.44572748267896,2.7944572748267897,nan
188,Agriculture,1364.0,1486.0,8.944281524926687,1.0894428152492668,nan
189,Agriculture,36.0,422.0,1072.2222222222222,11.722222222222221,nan
190,Agriculture,600.0,5223.0,770.5,8.705,nan
191,Agriculture,1690.0,1698.0,0.4733727810650888,1.004733727810651,nan
192,Agriculture,562.0,1371.0,143.95017793594306,2.4395017793594307,nan
193,Agriculture,1843.0,1629.0,-11.611502984264787,0.8838849701573521,nan
194,Fishing,14973.0,23446.0,56.58852601349095,1.5658852601349096,nan
195,Fishing,264.0,619.0,134.46969696969697,2.3446969696969697,nan
196,Mining,116637.0,511156.0,338.2451537676724,4.382451537676723,nan
197,Mining,36.0,108.0,200.0,3.0,nan
198,Mining,36522.0,246203.0,574.1224467444281,6.7412244674442805,nan
199,Mining,198.0,20595.0,10301.515151515152,104.01515151515152,nan
200,Mining,2718.0,73183.0,2592.531272994849,26.92531272994849,nan
201,Mining,505.0,6816.0,1249.7029702970297,13.497029702970297,nan
202,Mining,1337.0,6543.0,389.3792071802543,4.893792071802543,nan
203,Mining,1555.0,7151.0,359.871382636656,4.598713826366559,nan
204,Mining,2323.0,9107.0,292.03616013775286,3.920361601377529,nan
205,Mining,861.0,6525.0,657.8397212543554,7.578397212543554,nan
206,Mining,53.0,1346.0,2439.622641509434,25.39622641509434,nan
207,Mining,12924.0,16620.0,28.597957288765087,1.2859795728876509,nan
208,Mining,14767.0,957.0,-93.51933364935329,0.06480666350646712,nan
209,Mining,9276.0,6176.0,-33.41957740405347,0.6658042259594653,nan
210,Mining,17782.0,2996.0,-83.15150151838938,0.1684849848161062,nan
211,Mining,34060.0,22778.0,-33.1238990017616,0.6687610099823841,nan
212,Mining,37.0,1383.0,3637.837837837838,37.37837837837838,nan
213,Mining,20.0,53.0,165.0,2.65,nan
214,Mining,2661.0,5782.0,117.28673431040961,2.1728673431040963,nan
215,Mining,13.0,4.0,-69.23076923076923,0.3076923076923077,nan
216,Mining,517.0,1069.0,106.7698259187621,2.0676982591876207,nan
217,Mining,78.0,368.0,371.7948717948718,4.717948717948718,nan
218,Mining,30.0,46.0,53.333333333333336,1.5333333333333334,nan
219,Mining,329.0,761.0,131.30699088145897,2.31306990881459,nan
220,Mining,380.0,1156.0,204.21052631578948,3.042105263157895,nan
221,Mining,1038.0,701.0,-32.46628131021195,0.6753371868978806,nan
222,Mining,,66.0,,,nan
224,Mining,23819.0,34004.0,42.75998152735212,1.4275998152735212,nan
225,Mining,1214.0,5324.0,338.5502471169687,4.385502471169687,nan
226,Mining,5196.0,9153.0,76.15473441108544,1.7615473441108545,nan
227,Mining,1391.0,7699.0,453.4867002156722,5.534867002156722,nan
228,Mining,512.0,3346.0,553.515625,6.53515625,nan
229,Mining,3093.0,2392.0,-22.66408018105399,0.7733591981894601,nan
230,Mining,2228.0,12658.0,468.13285457809695,5.6813285457809695,nan
231,Mining,52.0,185.0,255.76923076923075,3.5576923076923075,nan
232,Mining,503.0,2122.0,321.86878727634195,4.21868787276342,nan
233,Mining,492.0,992.0,101.62601626016261,2.016260162601626,nan
234,Mining,28.0,12.0,-57.14285714285714,0.42857142857142855,nan
235,Mining,13827.0,34492.0,149.45396687640124,2.4945396687640122,nan
236,Mining,9.0,17.0,88.88888888888889,1.8888888888888888,nan
237,Mining,809.0,1208.0,49.32014833127318,1.4932014833127318,nan
238,Mining,253.0,445.0,75.8893280632411,1.7588932806324111,nan
239,Mining,375.0,816.0,117.6,2.176,nan
240,Mining,39.0,38.0,-2.564102564102564,0.9743589743589743,nan
241,Machines,4499.0,15797.0,251.12247166036897,3.5112247166036896,nan
242,Machines,13454.0,17928.0,33.254050839898916,1.3325405083989892,nan
243,Machines,114.0,3942.0,3357.8947368421054,34.578947368421055,nan
244,Machines,1389.0,27029.0,1845.932325413967,19.45932325413967,nan
245,Machines,50.0,2512.0,4924.0,50.24,nan
246,Machines,4760.0,19807.0,316.11344537815125,4.1611344537815125,nan
247,Machines,3039.0,4328.0,42.41526818032247,1.4241526818032249,nan
248,Machines,1627.0,2724.0,67.42470805162877,1.6742470805162877,nan
249,Machines,236.0,1689.0,615.6779661016949,7.156779661016949,nan
250,Machines,374.0,1525.0,307.75401069518716,4.077540106951871,nan
251,Machines,1132.0,2304.0,103.53356890459364,2.035335689045936,nan
252,Machines,799.0,4273.0,434.7934918648311,5.347934918648311,nan
253,Machines,3550.0,20670.0,482.2535211267605,5.822535211267605,nan
254,Machines,513.0,4883.0,851.851851851852,9.518518518518519,nan
255,Machines,751.0,3152.0,319.70705725699065,4.197070572569907,nan
256,Machines,,5.0,,,nan
257,Machines,18304.0,36427.0,99.0111451048951,1.990111451048951,nan
258,Machines,6984.0,5670.0,-18.814432989690722,0.8118556701030928,nan
259,Machines,17593.0,74964.0,326.10129028590916,4.2610129028590915,nan
260,Machines,7384.0,9542.0,29.225352112676056,1.2922535211267605,nan
261,Machines,2936.0,5608.0,91.00817438692098,1.9100817438692097,nan
262,Machines,95195.0,125866.0,32.219129155943065,1.3221912915594307,nan
263,Machines,7940.0,103487.0,1203.3627204030226,13.033627204030227,nan
264,Machines,144.0,7946.0,5418.055555555556,55.18055555555556,nan
265,Machines,2609.0,55796.0,2038.5971636642391,21.38597163664239,nan
266,Machines,142.0,16520.0,11533.802816901409,116.33802816901408,nan
267,Machines,2468.0,18119.0,634.1572123176661,7.341572123176661,nan
268,Machines,1464.0,4993.0,241.05191256830602,3.4105191256830603,nan
269,Machines,670.0,4287.0,539.8507462686566,6.398507462686567,nan
270,Machines,787.0,3014.0,282.9733163913596,3.829733163913596,nan
271,Machines,405.0,1662.0,310.3703703703704,4.103703703703704,nan
272,Machines,982.0,27713.0,2722.0977596741345,28.220977596741346,nan
273,Machines,466.0,6624.0,1321.4592274678112,14.214592274678111,nan
274,Machines,2465.0,8169.0,231.3995943204868,3.3139959432048682,nan
275,Machines,6194.0,44922.0,625.2502421698418,7.252502421698418,nan
276,Machines,942.0,4122.0,337.5796178343949,4.375796178343949,nan
277,Machines,4797.0,9115.0,90.01459245361684,1.9001459245361685,nan
278,Machines,250.0,4684.0,1773.6000000000001,18.736,nan
279,Machines,7912.0,48913.0,518.2128412537917,6.182128412537917,nan
280,Machines,2457.0,6825.0,177.77777777777777,2.7777777777777777,nan
281,Machines,128.0,1760.0,1275.0,13.75,nan
282,Machines,45.0,4656.0,10246.666666666666,103.46666666666667,nan
283,Machines,2582.0,20447.0,691.9054996127034,7.919054996127033,nan
284,Machines,103.0,17975.0,17351.456310679612,174.51456310679612,Electrical Cable
285,Machines,44.0,5657.0,12756.818181818182,128.5681818181818,Motor Car Drivers
286,Machines,3895.0,28831.0,640.2053915275995,7.402053915275995,nan
287,Machines,12.0,19774.0,164683.3333333333,1647.8333333333333,Electricians
288,Machines,2.0,75.0,3650.0,37.5,nan
289,Machines,1201.0,6858.0,471.0241465445462,5.7102414654454625,nan
290,Machines,5894.0,18957.0,221.63216830675262,3.2163216830675263,nan
291,Machines,860.0,2338.0,171.86046511627907,2.718604651162791,nan
292,Machines,5967.0,7014.0,17.546505781799898,1.175465057817999,nan
293,Machines,1651.0,3200.0,93.82192610539067,1.9382192610539066,nan
294,Machines,14129.0,15492.0,9.646825677684195,1.096468256776842,nan
295,Machines,706.0,1974.0,179.60339943342777,2.7960339943342776,nan
296,Machines,4778.0,3672.0,-23.147760569275846,0.7685223943072416,nan
297,Machines,1660.0,4861.0,192.83132530120483,2.9283132530120484,nan
298,Machines,1023.0,2751.0,168.9149560117302,2.689149560117302,nan
299,Machines,1375.0,1517.0,10.327272727272726,1.1032727272727272,nan
300,Machines,1008.0,2272.0,125.39682539682539,2.253968253968254,nan
301,Machines,7026.0,6353.0,-9.578707657272986,0.9042129234272701,nan
302,Machines,158.0,2660.0,1583.5443037974683,16.835443037974684,nan
303,Machines,261.0,1053.0,303.44827586206895,4.0344827586206895,nan
304,Machines,269.0,226.0,-15.985130111524162,0.8401486988847584,nan
305,Machines,25984.0,3085.0,-88.12730911330048,0.11872690886699508,nan
306,Machines,2323.0,11868.0,410.8910891089109,5.108910891089109,nan
307,Machines,1468.0,5536.0,277.11171662125344,3.7711171662125342,nan
308,Machines,3297.0,7492.0,127.23688201395207,2.272368820139521,nan
309,Machines,1090.0,3683.0,237.88990825688074,3.3788990825688074,nan
310,Machines,121.0,1353.0,1018.1818181818181,11.181818181818182,nan
311,Machines,627.0,3317.0,429.0271132376396,5.290271132376396,nan
312,Machines,541.0,1853.0,242.51386321626617,3.425138632162662,nan
313,Machines,3794.0,17179.0,352.79388508170797,4.52793885081708,nan
314,Machines,842.0,2614.0,210.45130641330167,3.1045130641330165,nan
315,Machines,5271.0,5216.0,-1.0434452665528362,0.9895655473344717,nan
316,Machines,490.0,3056.0,523.6734693877552,6.236734693877551,nan
317,Machines,696.0,4140.0,494.8275862068965,5.948275862068965,nan
318,Machines,4641.0,18129.0,290.62702003878474,3.9062702003878473,nan
319,Machines,370.0,2605.0,604.0540540540541,7.04054054054054,nan
320,Machines,467.0,1586.0,239.61456102783725,3.3961456102783725,nan
321,Machines,7359.0,13976.0,89.91710830275854,1.8991710830275852,nan
322,Machines,52.0,84.0,61.53846153846154,1.6153846153846154,nan
323,Machines,374.0,1235.0,230.2139037433155,3.302139037433155,nan
324,Machines,187.0,1373.0,634.2245989304812,7.342245989304812,nan
325,Machines,181.0,633.0,249.72375690607734,3.4972375690607733,nan
326,Machines,2257.0,17940.0,694.8604342046965,7.948604342046965,nan
327,Machines,597.0,2186.0,266.1641541038526,3.661641541038526,nan
328,Machines,30.0,574.0,1813.3333333333333,19.133333333333333,nan
329,Machines,4552.0,9673.0,112.5,2.125,nan
330,Machines,550.0,1914.0,248.0,3.48,nan
331,Machines,2011.0,14944.0,643.1128791645947,7.431128791645947,nan
333,Machines,1885.0,2462.0,30.610079575596817,1.3061007957559683,nan
334,Machines,5981.0,32437.0,442.33405784985786,5.423340578498578,nan
335,Machines,13.0,30.0,130.76923076923077,2.3076923076923075,nan
336,Machines,162.0,6084.0,3655.5555555555557,37.55555555555556,nan
337,Machines,829.0,3083.0,271.8938480096502,3.7189384800965017,nan
338,Machines,277.0,357.0,28.880866425992778,1.288808664259928,nan
339,Machines,3388.0,6495.0,91.7060212514758,1.917060212514758,nan
340,Machines,460.0,7366.0,1501.304347826087,16.01304347826087,nan
342,Machines,668.0,1345.0,101.34730538922156,2.0134730538922154,nan
343,Machines,10394.0,15404.0,48.20088512603425,1.4820088512603424,nan
344,Machines,273.0,767.0,180.95238095238096,2.8095238095238093,nan
345,Machines,2105.0,18471.0,777.4821852731591,8.774821852731591,nan
346,Machines,5.0,255.0,5000.0,51.0,nan
347,Machines,663.0,4503.0,579.1855203619909,6.791855203619909,nan
348,Machines,20032.0,24115.0,20.38238817891374,1.2038238817891374,nan
349,Machines,3227.0,5088.0,57.66966222497676,1.5766966222497676,nan
350,Machines,389.0,2024.0,420.3084832904884,5.203084832904884,nan
351,Machines,116.0,551.0,375.0,4.75,nan
352,Machines,518.0,5931.0,1044.980694980695,11.44980694980695,nan
354,Machines,918.0,12067.0,1214.4880174291939,13.14488017429194,nan
355,Machines,895.0,1262.0,41.00558659217877,1.4100558659217877,nan
356,Machines,9.0,1670.0,18455.555555555555,185.55555555555554,Metal Ship Builders
357,Machines,1003.0,2415.0,140.77766699900297,2.40777666999003,nan
358,Machines,1099.0,596.0,-45.768880800727935,0.5423111919927207,nan
359,Machines,4867.0,5312.0,9.143209369221287,1.0914320936922128,nan
360,Machines,511.0,13796.0,2599.8043052837575,26.998043052837573,nan
361,Machines,33.0,1424.0,4215.151515151515,43.15151515151515,nan
362,Machines,74.0,18953.0,25512.16216216216,256.1216216216216,Bicycle Maker
363,Machines,879.0,28019.0,3087.599544937429,31.87599544937429,nan
364,Machines,64.0,5017.0,7739.0625,78.390625,nan
365,Machines,14452.0,32213.0,122.89648491558263,2.228964849155826,nan
366,Machines,24809.0,24293.0,-2.079890362368495,0.979201096376315,nan
367,Machines,717.0,3829.0,434.03068340306834,5.340306834030684,nan
368,Machines,1015.0,2086.0,105.51724137931035,2.0551724137931036,nan
369,Machines,7589.0,23344.0,207.60310976413228,3.076031097641323,nan
370,Machines,4470.0,10087.0,125.6599552572707,2.2565995525727067,nan
372,Machines,822.0,9044.0,1000.2433090024331,11.002433090024331,nan
374,Machines,616.0,14965.0,2329.383116883117,24.29383116883117,nan
376,Machines,1425.0,1566.0,9.894736842105264,1.0989473684210527,nan
377,Machines,578.0,2529.0,337.5432525951557,4.375432525951557,nan
378,Machines,1671.0,9665.0,478.3961699581089,5.783961699581089,nan
379,Machines,540.0,3597.0,566.1111111111111,6.661111111111111,nan
380,Machines,272.0,3430.0,1161.0294117647059,12.610294117647058,nan
381,Machines,228.0,3233.0,1317.982456140351,14.179824561403509,nan
382,Precious Metals,5851.0,14433.0,146.67578191762092,2.4667578191762094,nan
383,Precious Metals,231.0,1892.0,719.047619047619,8.19047619047619,nan
384,Precious Metals,378.0,1121.0,196.56084656084656,2.9656084656084656,nan
385,Precious Metals,1946.0,5023.0,158.11921891058583,2.5811921891058582,nan
386,Precious Metals,16393.0,16539.0,0.8906240468492649,1.0089062404684928,nan
387,Precious Metals,1491.0,3973.0,166.46545942320589,2.664654594232059,nan
388,Precious Metals,187.0,1601.0,756.1497326203208,8.561497326203208,nan
389,Precious Metals,1305.0,6574.0,403.7547892720307,5.037547892720307,nan
390,Precious Metals,680.0,1256.0,84.70588235294117,1.8470588235294119,nan
391,Precious Metals,1.0,2.0,100.0,2.0,nan
392,Precious Metals,671.0,5775.0,760.655737704918,8.60655737704918,nan
393,Precious Metals,3248.0,10877.0,234.88300492610836,3.3488300492610836,nan
394,Precious Metals,311.0,1334.0,328.9389067524116,4.289389067524116,nan
395,Precious Metals,1539.0,1990.0,29.304743339831056,1.2930474333983106,nan
396,Precious Metals,185.0,1875.0,913.5135135135135,10.135135135135135,nan
397,Precious Metals,1590.0,5262.0,230.94339622641508,3.309433962264151,nan
398,Precious Metals,267.0,6094.0,2182.397003745318,22.823970037453183,nan
399,Precious Metals,163.0,3538.0,2070.552147239264,21.70552147239264,nan
400,Precious Metals,1780.0,6006.0,237.41573033707866,3.3741573033707866,nan
401,Precious Metals,103.0,749.0,627.1844660194174,7.271844660194175,nan
402,Precious Metals,16.0,,,,nan
403,Precious Metals,36.0,547.0,1419.4444444444446,15.194444444444445,nan
404,Precious Metals,162.0,1006.0,520.9876543209876,6.209876543209877,nan
405,Building,10178.0,46816.0,359.97248968363135,4.599724896836314,nan
406,Building,5274.0,1783.0,-66.1926431551005,0.33807356844899505,nan
407,Building,809.0,26140.0,3131.1495673671197,32.311495673671196,nan
408,Building,4426.0,871.0,-80.32083145051966,0.19679168549480344,nan
409,Building,149794.0,225648.0,50.63887739161782,1.5063887739161783,nan
410,Building,3466.0,6857.0,97.83612233121755,1.9783612233121755,nan
411,Building,388.0,1948.0,402.0618556701031,5.020618556701031,nan
412,Building,44524.0,104786.0,135.34722846105473,2.353472284610547,nan
413,Building,19261.0,62532.0,224.6560407040133,3.246560407040133,nan
414,Building,65628.0,51468.0,-21.57615651855915,0.7842384348144085,nan
415,Building,8659.0,14857.0,71.57870423836471,1.715787042383647,nan
416,Building,4375.0,8224.0,87.97714285714285,1.8797714285714286,nan
417,Building,13666.0,25702.0,88.07258890677593,1.8807258890677594,nan
418,Building,918.0,4131.0,350.0,4.5,nan
419,Building,505.0,1382.0,173.66336633663366,2.736633663366337,nan
420,Building,1935.0,6109.0,215.7105943152455,3.157105943152455,nan
421,Building,40279.0,191437.0,375.27743985699743,4.752774398569975,nan
422,Building,2645.0,2772.0,4.801512287334594,1.0480151228733459,nan
423,Building,134.0,976.0,628.3582089552239,7.2835820895522385,nan
424,Building,244.0,2564.0,950.8196721311476,10.508196721311476,nan
425,Building,16292.0,64793.0,297.69825681315984,3.9769825681315982,nan
426,Building,2398.0,17351.0,623.5613010842369,7.235613010842369,nan
427,Building,740.0,561.0,-24.18918918918919,0.7581081081081081,nan
428,Building,1096.0,6663.0,507.9379562043796,6.079379562043796,nan
429,Building,1083.0,6324.0,483.9335180055402,5.839335180055402,nan
430,Building,640.0,2310.0,260.9375,3.609375,nan
431,Building,2884.0,852.0,-70.45769764216367,0.29542302357836336,nan
432,Building,6333.0,13730.0,116.80088425706616,2.1680088425706616,nan
433,Building,1356.0,3891.0,186.94690265486727,2.8694690265486726,nan
434,Building,926.0,3170.0,242.3326133909287,3.423326133909287,nan
435,Building,1381.0,8779.0,535.6987690079652,6.356987690079652,nan
436,Building,6864.0,33606.0,389.5979020979021,4.895979020979021,nan
437,Wood,5967.0,9514.0,59.443606502430036,1.5944360650243004,nan
438,Wood,30939.0,46092.0,48.97701929603413,1.4897701929603413,nan
439,Wood,4269.0,28549.0,568.7514640431015,6.687514640431014,nan
440,Wood,7724.0,20886.0,170.40393578456758,2.7040393578456756,nan
441,Wood,502.0,6111.0,1117.3306772908368,12.173306772908367,nan
442,Wood,360.0,3956.0,998.8888888888889,10.988888888888889,nan
443,Wood,1054.0,8448.0,701.5180265654649,8.01518026565465,nan
444,Wood,1129.0,2939.0,160.31886625332152,2.6031886625332152,nan
445,Wood,1457.0,975.0,-33.08167467398764,0.6691832532601235,nan
446,Wood,3855.0,4070.0,5.577172503242543,1.0557717250324254,nan
447,Wood,9076.0,7901.0,-12.946231820185103,0.8705376817981489,nan
448,Wood,1345.0,1396.0,3.7918215613382897,1.0379182156133828,nan
449,Wood,3605.0,2592.0,-28.0998613037448,0.719001386962552,nan
450,Wood,453.0,4193.0,825.60706401766,9.2560706401766,nan
451,Wood,2033.0,15212.0,648.2538121003444,7.482538121003444,nan
452,Wood,650.0,6699.0,930.6153846153845,10.306153846153846,nan
453,Wood,28938.0,31660.0,9.406316953486765,1.0940631695348677,nan
454,Wood,2154.0,1816.0,-15.691736304549675,0.8430826369545033,nan
455,Wood,7113.0,12790.0,79.81161254041895,1.7981161254041895,nan
456,Wood,2967.0,17116.0,476.8790023592855,5.768790023592855,nan
457,Wood,17306.0,14176.0,-18.086212874147694,0.8191378712585231,nan
458,Wood,2725.0,6905.0,153.39449541284404,2.5339449541284402,nan
459,Wood,1343.0,6765.0,403.7230081906181,5.037230081906181,nan
460,Wood,8.0,20.0,150.0,2.5,nan
461,Wood,4882.0,25494.0,422.204014748054,5.2220401474805405,nan
462,Wood,3337.0,7714.0,131.16571771051844,2.311657177105184,nan
463,Wood,924.0,2468.0,167.0995670995671,2.670995670995671,nan
464,Brick,27904.0,41356.0,48.20814220183486,1.4820814220183487,nan
465,Brick,473.0,6849.0,1347.9915433403805,14.479915433403805,nan
466,Brick,2627.0,4036.0,53.63532546631138,1.5363532546631138,nan
467,Brick,31420.0,50973.0,62.23106301718651,1.622310630171865,nan
468,Brick,2111.0,7245.0,243.20227380388442,3.432022738038844,nan
469,Brick,2283.0,11426.0,400.4818221638195,5.004818221638195,nan
470,Brick,7928.0,12809.0,61.566599394550956,1.6156659939455096,nan
471,Brick,677.0,2056.0,203.69276218611523,3.0369276218611523,nan
472,Brick,261.0,288.0,10.344827586206897,1.103448275862069,nan
473,Brick,3983.0,7222.0,81.32061260356515,1.8132061260356516,nan
474,Chemicals,756.0,5374.0,610.8465608465608,7.108465608465608,nan
475,Chemicals,1436.0,1546.0,7.66016713091922,1.0766016713091922,nan
476,Chemicals,596.0,2650.0,344.6308724832215,4.446308724832215,nan
477,Chemicals,529.0,3103.0,486.57844990548205,5.86578449905482,nan
478,Chemicals,1542.0,11049.0,616.5369649805448,7.165369649805448,nan
479,Chemicals,1617.0,4084.0,152.5664811379097,2.525664811379097,nan
480,Chemicals,2743.0,17381.0,533.6492890995261,6.3364928909952605,nan
481,Chemicals,1059.0,2442.0,130.59490084985836,2.3059490084985836,nan
482,Chemicals,11022.0,24647.0,123.61640355652332,2.236164035565233,nan
483,Chemicals,1361.0,4221.0,210.13960323291698,3.10139603232917,nan
484,Chemicals,1398.0,8532.0,510.3004291845494,6.103004291845494,nan
485,Chemicals,287.0,4389.0,1429.2682926829268,15.292682926829269,nan
486,Chemicals,3960.0,1970.0,-50.252525252525245,0.49747474747474746,nan
487,Chemicals,936.0,6320.0,575.2136752136752,6.752136752136752,nan
488,Chemicals,463.0,1833.0,295.8963282937365,3.958963282937365,nan
489,Chemicals,304.0,12331.0,3956.25,40.5625,nan
490,Chemicals,202.0,4045.0,1902.4752475247524,20.024752475247524,nan
491,Chemicals,177.0,874.0,393.7853107344633,4.937853107344632,nan
492,Chemicals,934.0,1364.0,46.03854389721627,1.4603854389721627,nan
493,Chemicals,53.0,561.0,958.4905660377359,10.584905660377359,nan
494,Chemicals,102.0,180.0,76.47058823529412,1.7647058823529411,nan
495,Chemicals,16.0,2.0,-87.5,0.125,nan
496,Chemicals,280.0,1394.0,397.8571428571429,4.978571428571429,nan
497,Chemicals,714.0,1818.0,154.62184873949582,2.546218487394958,nan
498,Chemicals,1285.0,3993.0,210.73929961089496,3.1073929961089495,nan
499,Chemicals,79.0,1923.0,2334.1772151898736,24.341772151898734,nan
500,Chemicals,171.0,3274.0,1814.6198830409357,19.146198830409357,nan
501,Chemicals,396.0,6565.0,1557.828282828283,16.578282828282827,nan
502,Chemicals,494.0,1836.0,271.6599190283401,3.716599190283401,nan
503,Chemicals,20.0,325.0,1525.0,16.25,nan
505,Leather,4604.0,10407.0,126.04257167680277,2.2604257167680277,nan
506,Leather,7842.0,7820.0,-0.28054067839836777,0.9971945932160163,nan
507,Leather,12331.0,15762.0,27.82418295353175,1.2782418295353175,nan
508,Leather,2128.0,11608.0,445.4887218045113,5.454887218045113,nan
509,Leather,13298.0,23989.0,80.39554820273726,1.8039554820273724,nan
510,Leather,15475.0,20308.0,31.23101777059774,1.3123101777059774,nan
511,Leather,2718.0,3372.0,24.061810154525386,1.2406181015452538,nan
512,Leather,8210.0,13502.0,64.45797807551766,1.6445797807551765,nan
513,Leather,199.0,247.0,24.120603015075375,1.2412060301507537,nan
514,Leather,545.0,2895.0,431.19266055045875,5.3119266055045875,nan
515,Leather,267.0,1919.0,618.7265917602996,7.187265917602996,nan
516,Leather,1164.0,6904.0,493.12714776632305,5.9312714776632305,nan
517,Leather,293.0,386.0,31.74061433447099,1.31740614334471,nan
518,Leather,370.0,596.0,61.08108108108108,1.6108108108108108,nan
519,Paper,9970.0,19946.0,100.06018054162486,2.000601805416249,nan
520,Paper,2625.0,3986.0,51.84761904761904,1.5184761904761905,nan
521,Paper,433.0,509.0,17.551963048498845,1.1755196304849884,nan
522,Paper,1688.0,7049.0,317.5947867298578,4.175947867298579,nan
523,Paper,15.0,150.0,900.0,10.0,nan
524,Paper,658.0,4075.0,519.3009118541033,6.193009118541034,nan
525,Paper,852.0,7436.0,772.7699530516431,8.727699530516432,nan
526,Paper,1127.0,22399.0,1887.488908606921,19.87488908606921,nan
527,Paper,322.0,4787.0,1386.645962732919,14.866459627329192,nan
528,Paper,280.0,4135.0,1376.7857142857142,14.767857142857142,nan
529,Paper,5688.0,18669.0,228.21729957805906,3.2821729957805905,nan
530,Paper,242.0,2204.0,810.7438016528926,9.107438016528926,nan
531,Paper,6870.0,37658.0,448.1513828238719,5.481513828238719,nan
532,Paper,50.0,5990.0,11880.0,119.8,Machine Compositor
533,Paper,680.0,10674.0,1469.7058823529412,15.697058823529412,nan
534,Paper,40.0,2069.0,5072.5,51.725,nan
535,Paper,215.0,887.0,312.5581395348837,4.125581395348838,nan
536,Paper,12461.0,40200.0,222.6065323810288,3.226065323810288,nan
537,Paper,7339.0,44980.0,512.8900395149203,6.128900395149203,nan
538,Paper,681.0,2972.0,336.417033773862,4.36417033773862,nan
539,Paper,1201.0,11285.0,839.6336386344713,9.396336386344712,nan
540,Paper,1346.0,2221.0,65.0074294205052,1.650074294205052,nan
541,Paper,498.0,922.0,85.14056224899599,1.8514056224899598,nan
542,Paper,10762.0,33179.0,208.29771417952054,3.0829771417952054,nan
543,Paper,5510.0,12017.0,118.09437386569871,2.180943738656987,nan
544,Paper,427.0,1739.0,307.2599531615925,4.072599531615925,nan
545,Paper,1138.0,1194.0,4.92091388400703,1.0492091388400704,nan
546,Paper,410.0,2122.0,417.5609756097561,5.175609756097561,nan
547,Paper,939.0,20867.0,2122.2577209797655,22.222577209797656,nan
548,Textiles,24692.0,65541.0,165.4341487121335,2.654341487121335,nan
549,Textiles,54057.0,93129.0,72.27926078028747,1.7227926078028748,nan
550,Textiles,35824.0,74545.0,108.08675748101831,2.080867574810183,nan
551,Textiles,101114.0,214718.0,112.35239432719504,2.1235239432719504,nan
552,Textiles,3622.0,9196.0,153.89287686361126,2.538928768636113,nan
553,Textiles,78.0,1491.0,1811.5384615384617,19.115384615384617,nan
554,Textiles,385.0,1250.0,224.67532467532467,3.2467532467532467,nan
555,Textiles,19472.0,33441.0,71.73890714872637,1.7173890714872637,nan
556,Textiles,4623.0,4346.0,-5.9917802292883415,0.9400821977071165,nan
557,Textiles,5770.0,8501.0,47.33102253032929,1.4733102253032928,nan
558,Textiles,28934.0,9515.0,-67.11481302274142,0.3288518697725859,nan
559,Textiles,13707.0,10946.0,-20.142992631502153,0.7985700736849785,nan
560,Textiles,17156.0,33067.0,92.74306365120074,1.9274306365120075,nan
561,Textiles,29770.0,35427.0,19.002351360429966,1.1900235136042996,nan
562,Textiles,28062.0,15161.0,-45.973202195139336,0.5402679780486067,nan
563,Textiles,1772.0,1022.0,-42.32505643340858,0.5767494356659142,nan
564,Textiles,2070.0,3540.0,71.01449275362319,1.710144927536232,nan
565,Textiles,1425.0,1352.0,-5.12280701754386,0.9487719298245614,nan
566,Textiles,4697.0,5072.0,7.983819459229295,1.079838194592293,nan
567,Textiles,5.0,,,,nan
568,Textiles,1014.0,2171.0,114.1025641025641,2.141025641025641,nan
569,Textiles,930.0,466.0,-49.89247311827957,0.5010752688172043,nan
570,Textiles,54.0,66.0,22.22222222222222,1.2222222222222223,nan
571,Textiles,6317.0,7027.0,11.239512426784867,1.1123951242678487,nan
572,Textiles,5905.0,8566.0,45.06350550381033,1.4506350550381033,nan
573,Textiles,1839.0,1345.0,-26.86242523110386,0.7313757476889614,nan
574,Textiles,17009.0,8060.0,-52.61332235875125,0.47386677641248753,nan
575,Textiles,557.0,390.0,-29.982046678635548,0.7001795332136446,nan
576,Textiles,65600.0,10894.0,-83.39329268292684,0.16606707317073172,nan
577,Textiles,9379.0,665.0,-92.90969186480434,0.0709030813519565,nan
578,Textiles,1758.0,2743.0,56.02957906712172,1.5602957906712174,nan
579,Textiles,8210.0,4617.0,-43.76370280146163,0.5623629719853837,nan
580,Textiles,15124.0,2927.0,-80.64665432425284,0.19353345675747158,nan
581,Textiles,733.0,564.0,-23.05593451568895,0.7694406548431105,nan
582,Textiles,190.0,844.0,344.2105263157895,4.442105263157894,nan
583,Textiles,2869.0,5375.0,87.34750784245382,1.8734750784245382,nan
584,Textiles,14440.0,7526.0,-47.8808864265928,0.521191135734072,nan
585,Textiles,1345.0,2305.0,71.37546468401487,1.7137546468401488,nan
586,Textiles,1454.0,4840.0,232.8748280605227,3.328748280605227,nan
587,Textiles,1414.0,2481.0,75.45968882602546,1.7545968882602545,nan
588,Textiles,1065.0,2730.0,156.33802816901408,2.563380281690141,nan
589,Textiles,164.0,1511.0,821.3414634146341,9.213414634146341,nan
590,Textiles,1.0,9.0,800.0,9.0,nan
591,Textiles,1912.0,2983.0,56.01464435146444,1.5601464435146444,nan
592,Textiles,51734.0,42070.0,-18.680171647272587,0.8131982835272741,nan
593,Textiles,55537.0,30704.0,-44.714334587752305,0.5528566541224769,nan
594,Textiles,127.0,2063.0,1524.4094488188975,16.244094488188978,nan
595,Textiles,617.0,1161.0,88.16855753646678,1.8816855753646677,nan
596,Textiles,7210.0,11104.0,54.00832177531206,1.5400832177531207,nan
597,Textiles,3789.0,6111.0,61.282660332541575,1.6128266033254157,nan
598,Textiles,1480.0,4519.0,205.33783783783784,3.0533783783783783,nan
599,Textiles,1966.0,6072.0,208.85045778229906,3.0885045778229907,nan
600,Textiles,389.0,353.0,-9.254498714652955,0.9074550128534704,nan
601,Textiles,3746.0,2163.0,-42.25840896956754,0.5774159103043246,nan
602,Textiles,2448.0,5790.0,136.51960784313727,2.3651960784313726,nan
603,Textiles,648.0,1175.0,81.32716049382715,1.8132716049382716,nan
604,Textiles,215.0,1479.0,587.9069767441861,6.879069767441861,nan
605,Textiles,4953.0,4578.0,-7.571168988491824,0.9242883101150817,nan
606,Textiles,115627.0,79366.0,-31.360322416044696,0.686396775839553,nan
607,Textiles,19156.0,35122.0,83.34725412403424,1.8334725412403425,nan
608,Textiles,28134.0,41732.0,48.33297789151916,1.4833297789151916,nan
609,Textiles,75.0,113.0,50.66666666666667,1.5066666666666666,nan
610,Textiles,453.0,1953.0,331.12582781456956,4.311258278145695,nan
611,Textiles,988.0,2477.0,150.70850202429148,2.507085020242915,nan
612,Textiles,987.0,1288.0,30.49645390070922,1.3049645390070923,nan
613,Textiles,3809.0,6594.0,73.11630349173012,1.731163034917301,nan
614,Textiles,1564.0,1484.0,-5.115089514066496,0.948849104859335,nan
615,Textiles,438.0,254.0,-42.00913242009132,0.5799086757990868,nan
616,Textiles,3465.0,5936.0,71.31313131313132,1.713131313131313,nan
617,Textiles,1591.0,1680.0,5.593966059082338,1.0559396605908233,nan
618,Textiles,1029.0,1987.0,93.10009718172984,1.9310009718172982,nan
619,Textiles,2124.0,1306.0,-38.51224105461394,0.6148775894538606,nan
620,Textiles,2191.0,4245.0,93.74714742126883,1.9374714742126882,nan
621,Textiles,59.0,8.0,-86.4406779661017,0.13559322033898305,nan
622,Textiles,11153.0,19637.0,76.06921904420335,1.7606921904420336,nan
623,Textiles,1977.0,2643.0,33.68740515933232,1.3368740515933233,nan
624,Textiles,120.0,1406.0,1071.6666666666667,11.716666666666667,nan
625,Textiles,1897.0,4438.0,133.94833948339485,2.339483394833948,nan
626,Textiles,1229.0,2847.0,131.65174938974775,2.3165174938974777,nan
627,Textiles,7494.0,8656.0,15.505737923672273,1.1550573792367227,nan
628,Textiles,31529.0,108878.0,245.32652478670428,3.453265247867043,nan
629,Textiles,161.0,265.0,64.59627329192547,1.6459627329192548,nan
630,Textiles,2257.0,5150.0,128.17899867080195,2.2817899867080196,nan
631,Textiles,945.0,2964.0,213.65079365079364,3.1365079365079365,nan
632,Textiles,592.0,3364.0,468.2432432432432,5.6824324324324325,nan
633,Textiles,385.0,1160.0,201.2987012987013,3.012987012987013,nan
634,Textiles,1958.0,1762.0,-10.010214504596528,0.8998978549540347,nan
635,Textiles,237.0,931.0,292.82700421940933,3.928270042194093,nan
636,Textiles,68.0,169.0,148.52941176470588,2.485294117647059,nan
637,Textiles,47.0,222.0,372.3404255319149,4.723404255319149,nan
638,Textiles,1395.0,8286.0,493.9784946236559,5.939784946236559,nan
639,Textiles,205.0,390.0,90.2439024390244,1.9024390243902438,nan
640,Textiles,1601.0,3681.0,129.91880074953156,2.2991880074953155,nan
641,Textiles,180.0,491.0,172.77777777777777,2.727777777777778,nan
643,Textiles,1870.0,9758.0,421.81818181818176,5.218181818181818,nan
644,Textiles,439.0,1529.0,248.29157175398632,3.4829157175398633,nan
645,Dress,27456.0,1271.0,-95.37077505827506,0.046292249417249416,nan
646,Dress,12930.0,11766.0,-9.002320185614849,0.9099767981438515,nan
647,Dress,463.0,6057.0,1208.207343412527,13.08207343412527,nan
648,Dress,4356.0,7285.0,67.24058769513314,1.6724058769513315,nan
649,Dress,5535.0,6108.0,10.35230352303523,1.1035230352303522,nan
650,Dress,48458.0,64971.0,34.07693260142804,1.3407693260142803,nan
651,Dress,8742.0,4250.0,-51.384122626401286,0.4861587737359872,nan
652,Dress,590.0,5722.0,869.8305084745762,9.698305084745762,nan
653,Dress,124193.0,160345.0,29.109531132994615,1.2910953113299461,nan
654,Dress,1912.0,69742.0,3547.594142259414,36.47594142259414,nan
655,Dress,15584.0,30514.0,95.80338809034907,1.9580338809034907,nan
656,Dress,484.0,3141.0,548.9669421487603,6.489669421487603,nan
657,Dress,193089.0,325596.0,68.62483103646505,1.6862483103646504,nan
658,Dress,11597.0,10654.0,-8.131413296542208,0.9186858670345779,nan
659,Dress,58682.0,63952.0,8.98060734126308,1.0898060734126307,nan
660,Dress,6431.0,4578.0,-28.8135593220339,0.711864406779661,nan
661,Dress,30232.0,8130.0,-73.10796507012437,0.2689203492987563,nan
662,Dress,3951.0,11791.0,198.43077701847633,2.9843077701847633,nan
663,Dress,230033.0,190151.0,-17.33751244386675,0.8266248755613325,nan
664,Dress,337.0,3790.0,1024.6290801186944,11.246290801186944,nan
665,Dress,3306.0,5377.0,62.643678160919535,1.6264367816091954,nan
666,Dress,1311.0,21614.0,1548.6651411136536,16.48665141113654,nan
667,Dress,3025.0,5437.0,79.73553719008264,1.7973553719008264,nan
668,Dress,9707.0,42876.0,341.70186463376945,4.417018646337694,nan
669,Dress,3323.0,6888.0,107.28257598555521,2.072825759855552,nan
670,Dress,210.0,4202.0,1900.952380952381,20.00952380952381,nan
671,Dress,436.0,1746.0,300.45871559633025,4.004587155963303,nan
672,Dress,52.0,5.0,-90.38461538461539,0.09615384615384616,nan
673,Dress,105.0,958.0,812.3809523809523,9.123809523809523,nan
674,Dress,145.0,2171.0,1397.2413793103449,14.972413793103449,nan
675,Dress,1171.0,3974.0,239.3680614859095,3.393680614859095,nan
676,Food,819.0,2056.0,151.03785103785103,2.5103785103785103,nan
677,Food,7949.0,45179.0,468.3608001006416,5.683608001006416,nan
678,Food,778.0,3409.0,338.17480719794344,4.381748071979435,nan
679,Food,2991.0,2340.0,-21.76529588766299,0.7823470411233701,nan
680,Food,6745.0,14686.0,117.73165307635284,2.1773165307635285,nan
681,Food,3068.0,8307.0,170.76271186440678,2.707627118644068,nan
682,Food,57427.0,118555.0,106.44470371079807,2.0644470371079806,nan
683,Food,519.0,8148.0,1469.942196531792,15.699421965317919,nan
684,Food,1965.0,6025.0,206.61577608142494,3.0661577608142494,nan
685,Food,9917.0,32088.0,223.56559443380056,3.2356559443380055,nan
686,Food,28447.0,21596.0,-24.083383133546597,0.759166168664534,nan
687,Food,7396.0,11671.0,57.80151433207139,1.578015143320714,nan
688,Food,654.0,1402.0,114.3730886850153,2.143730886850153,nan
689,Food,2008.0,7657.0,281.3247011952191,3.8132470119521913,nan
690,Food,1592.0,9808.0,516.0804020100502,6.160804020100502,nan
691,Food,43238.0,95844.0,121.66612701790092,2.216661270179009,nan
692,Food,17452.0,60646.0,247.5017190006876,3.475017190006876,nan
693,Food,1941.0,5989.0,208.55229263266358,3.085522926326636,nan
694,Food,276.0,10132.0,3571.0144927536235,36.710144927536234,nan
695,Food,699.0,20462.0,2827.324749642346,29.273247496423462,nan
696,Food,318.0,2140.0,572.9559748427673,6.729559748427673,nan
697,Food,62764.0,174044.0,177.29908864954433,2.7729908864954433,nan
698,Food,14452.0,49422.0,241.97342928314418,3.419734292831442,nan
699,Food,1237.0,7401.0,498.30234438156833,5.983023443815683,nan
700,Food,336.0,2648.0,688.0952380952382,7.880952380952381,nan
701,Food,535.0,1538.0,187.4766355140187,2.8747663551401867,nan
702,Food,150.0,440.0,193.33333333333334,2.933333333333333,nan
703,Food,495.0,3130.0,532.3232323232323,6.3232323232323235,nan
704,Food,416.0,541.0,30.048076923076923,1.3004807692307692,nan
705,Food,6.0,94.0,1466.6666666666665,15.666666666666666,nan
706,Food,2997.0,21261.0,609.4094094094095,7.094094094094094,nan
707,Food,3035.0,15842.0,421.9769357495881,5.219769357495881,nan
708,Food,9384.0,8503.0,-9.388320545609547,0.9061167945439045,nan
709,Food,13815.0,21997.0,59.225479551212445,1.5922547955121245,nan
710,Food,666.0,749.0,12.462462462462462,1.1246246246246245,nan
711,Food,3026.0,22530.0,644.5472571050892,7.445472571050892,nan
712,Food,20671.0,67131.0,224.75932465773306,3.2475932465773307,nan
713,Food,52330.0,81913.0,56.53162621823046,1.5653162621823047,nan
714,Food,13877.0,15472.0,11.493838725949413,1.1149383872594942,nan
715,Food,228.0,9811.0,4203.070175438596,43.030701754385966,nan
716,Food,828.0,8861.0,970.1690821256038,10.701690821256038,nan
717,Food,8077.0,44772.0,454.31472081218277,5.543147208121828,nan
718,Food,731.0,2848.0,289.6032831737346,3.896032831737346,nan
719,Food,7414.0,51630.0,596.3852171567305,6.963852171567305,nan
720,Food,1266.0,8229.0,550.0,6.5,nan
721,Food,1006.0,18260.0,1715.1093439363815,18.151093439363816,nan
722,Food,5403.0,9639.0,78.40088839533593,1.7840088839533592,nan
723,Gas and Electric,3221.0,39512.0,1126.6997826761874,12.266997826761875,nan
724,Gas and Electric,1520.0,12337.0,711.6447368421053,8.116447368421053,nan
725,Gas and Electric,434.0,9649.0,2123.2718894009217,22.232718894009217,nan
726,Gas and Electric,243.0,7737.0,3083.9506172839506,31.839506172839506,nan
727,Gas and Electric,215.0,4815.0,2139.5348837209303,22.3953488372093,nan
728,Gas and Electric,1335.0,10749.0,705.1685393258426,8.051685393258428,nan
729,General,,34.0,,,nan
730,General,73.0,4414.0,5946.575342465753,60.465753424657535,nan
731,General,404.0,3527.0,773.019801980198,8.73019801980198,nan
732,General,110.0,1417.0,1188.181818181818,12.881818181818181,nan
733,General,4851.0,5133.0,5.813234384662956,1.0581323438466295,nan
734,General,2709.0,3256.0,20.191952750092284,1.201919527500923,nan
735,General,432.0,1240.0,187.03703703703704,2.8703703703703702,nan
736,General,451.0,2223.0,392.9046563192905,4.929046563192904,nan
737,General,449.0,7972.0,1675.5011135857462,17.755011135857462,nan
738,General,2278.0,1630.0,-28.44600526777875,0.7155399473222125,nan
739,General,1338.0,1796.0,34.23019431988042,1.3423019431988041,nan
740,General,2122.0,665.0,-68.66163996229972,0.3133836003770028,nan
741,General,367.0,1629.0,343.8692098092643,4.438692098092643,nan
742,General,2266.0,1513.0,-33.23036187113857,0.6676963812886143,nan
743,General,5782.0,7490.0,29.539951573849876,1.2953995157384988,nan
744,General,3158.0,9888.0,213.10956301456616,3.1310956301456616,nan
745,General,1016.0,4494.0,342.32283464566933,4.423228346456693,nan
746,General,232.0,789.0,240.08620689655174,3.4008620689655173,nan
747,General,833.0,1232.0,47.89915966386555,1.4789915966386555,nan
748,General,147.0,458.0,211.56462585034012,3.1156462585034013,nan
749,General,488.0,685.0,40.36885245901639,1.403688524590164,nan
750,General,13640.0,75328.0,452.258064516129,5.52258064516129,nan
751,General,6259.0,14159.0,126.21824572615435,2.2621824572615434,nan
752,General,8.0,2.0,-75.0,0.25,nan
753,General,209.0,125.0,-40.19138755980861,0.5980861244019139,nan
754,General,69.0,78.0,13.043478260869565,1.1304347826086956,nan
755,General,77.0,690.0,796.1038961038961,8.96103896103896,nan
756,General,573.0,6821.0,1090.4013961605585,11.904013961605585,nan
757,General,98.0,122.0,24.489795918367346,1.2448979591836735,nan
758,General,37827.0,178222.0,371.15023660348425,4.711502366034843,nan
759,General,2976.0,12364.0,315.45698924731187,4.154569892473118,nan
760,General,28167.0,54829.0,94.65686796605958,1.9465686796605957,nan
761,General,10942.0,49351.0,351.0235788704076,4.510235788704076,nan
762,General,902.0,8047.0,792.1286031042129,8.92128603104213,nan
763,General,415.0,22012.0,5204.096385542169,53.04096385542169,nan
764,General,344.0,14516.0,4119.767441860465,42.19767441860465,nan
765,General,347634.0,644113.0,85.28481103689512,1.8528481103689514,nan
766,General,29137.0,136316.0,367.84500806534646,4.678450080653465,nan
767,General,255.0,9757.0,3726.274509803922,38.26274509803922,nan
768,General,18891.0,44277.0,134.38145148483406,2.3438145148483405,nan
769,General,23908.0,31447.0,31.533377948803746,1.3153337794880375,nan
770,General,23600.0,57750.0,144.70338983050848,2.4470338983050848,nan
771,General,2534.0,63784.0,2417.1270718232045,25.171270718232044,nan
