year,sex,NEW,OLD,new_minus_old
1851,F,27.354415850173034,24.910410973616443,2.4440048765565905
1861,F,31.00962395253561,24.640881177914057,6.368742774621552
1881,F,26.541724825430922,24.91707670427198,1.6246481211589412
1891,F,27.557711336917762,27.162894195805382,0.3948171411123802
1901,F,28.964795027666177,29.67584871868766,-0.7110536910214833
1911,F,29.21191894900596,28.731659770634845,0.48025917837111365
1851,M,25.274135607152754,25.75082711404499,-0.47669150689223727
1861,M,24.768186031380306,25.501504173258184,-0.7333181418778771
1881,M,24.669559132307533,26.115868055770722,-1.4463089234631887
1891,M,25.400293625289528,26.061489510525952,-0.6611958852364239
1901,M,26.18293396283432,26.618162997705497,-0.4352290348711776
1911,M,26.903406179353734,27.718171552301293,-0.8147653729475586
1851,U,20.854895104895093,31.527117530500384,-10.672222425605291
1881,U,NA,NA,NA
1891,U,33.6154927124219,32.7676631366076,0.8478295758142949
1901,U,34.26456879544414,34.632378054374215,-0.3678092589300732
1911,U,NA,NA,NA
