occode,hisco,hiscam,n_1851,n_1861,n_1881
1,3,54.72,,,13
2,3,61.11,6,20,79
3,3,45.47,17,21,81
4,3,54.72,,14,14
5,2,67.66,11,7,12
6,2,69.67,19,27,64
7,5,55.31,,5,8
8,2,70.4,,8,27
9,3,50.94,6,8,18
10,3,54.72,,,18
11,5,44.68,38,93,350
12,3,79.04,15,27,59
13,5,79.04,12,19,91
14,3,69.67,16,14,39
15,3,87.68,7,,19
16,1,91.54,,,5
17,5,79.41,,,9
18,5,79.41,,,
19,5,79.41,,5,
20,5,43.96,,6,9
21,5,38.7,,,8
22,5,79.41,,,
24,5,38.7,5,7,42
25,5,79.41,,,10
27,5,38.7,12,9,74
28,1,74.23,14,35,71
29,1,74.23,,,
30,1,74.23,,,11
31,1,74.23,,,
32,1,74.23,,,
33,1,74.23,18,26,80
34,1,66.81,,7,35
35,1,99,9,,30
36,1,99,,,
37,5,74.44,30,18,36
38,1,75.48,7,,
39,1,75.48,,28,43
40,3,78.16,22,25,93
41,1,91.16,,6,13
42,6,74.11,13,16,46
43,6,64.64,,,23
44,6,74.11,,6,22
45,7,55.18,,,
46,7,55.18,8,,18
47,7,55.18,,,6
48,6,55.18,,,
49,6,55.18,,,7
50,7,55.18,,,
51,6,55.18,,,
52,1,58.13,66,106,238
53,1,71.37,,,10
54,1,74.48,,,9
55,3,58.68,,,18
56,1,74.63,,,18
57,1,66.66,,5,13
58,1,80.43,,,11
59,1,73.92,,,
60,1,65,,,
61,1,65,,,
62,1,65,,,7
63,1,91.54,,11,27
64,2,82.83,,14,56
65,2,93.73,,,7
66,3,77.77,9,13,36
67,2,69.73,,,
69,3,87.01,,,
70,1,76.81,5,9,25
71,1,59.83,,,
72,2,66,,8,28
73,1,64.83,,10,19
75,1,59.83,,,32
76,1,60.34,9,22,60
77,1,57.63,,,
78,2,82.83,,,
79,1,48.43,,,9
80,1,57.63,,,
81,5,57.1,,,30
82,5,48.43,,,
83,1,82.19,,,
84,5,34.68,116,158,365
85,9,35.2,11,44,290
87,6,53.54,14,44,291
88,6,41.08,33,58,66
89,5,48.43,,,
90,5,48.43,,,20
91,5,55.31,14,17,30
93,5,48.43,,,15
94,6,41.08,,7,35
95,5,47.94,,6,22
97,5,38.1,,,18
98,5,55.22,,,10
99,5,55.22,,,5
100,5,55.22,,,6
101,5,56.22,,,10
102,5,34.68,7,,18
103,5,48.43,,,
104,5,38.7,43,76,219
105,5,48.43,86,147,251
106,5,50.54,,6,22
107,1,82.19,,,
108,5,48.43,,,8
109,5,48.43,,,
110,5,38.7,,,5
111,4,60.31,9,34,53
112,4,59.88,15,33,122
113,4,55.84,,10,35
114,4,59.88,15,52,350
115,1,65,14,22,101
116,4,69.31,17,27,80
117,4,83.25,8,12,30
118,2,66.98,5,,37
119,3,58.68,88,180,694
120,2,54.4,10,20,82
121,3,72.53,17,20,61
122,4,84.05,,,5
123,3,66.11,,,17
124,4,63.2,,17,189
125,2,64.56,34,68,275
126,3,54.72,,,10
127,9,49.51,5,37,242
128,3,54.72,9,24,139
129,9,47.79,,,140
130,9,53.2,5,14,84
131,9,34.52,16,41,216
132,9,34.52,50,78,182
133,9,41.18,27,77,235
134,9,48.43,6,18,47
135,2,60.31,8,13,66
136,4,54.88,5,5,18
137,4,56.12,9,12,19
138,9,35.2,29,51,209
139,6,49.45,55,83,148
140,9,58.27,,,
141,9,35.2,111,298,677
142,9,47.84,,8,26
143,9,47.15,10,15,44
144,9,57.34,,,13
145,3,41.18,,6,13
146,9,47.15,,,7
147,7,46.49,,,8
148,9,35.2,,,18
149,9,43.77,,,32
150,3,54.72,,,
151,9,48.43,,,
152,9,46.7,,,9
153,3,50.09,,,
154,9,48.43,,,
155,3,78.76,7,8,
156,8,60.31,,,
157,4,57.2,51,90,158
158,9,45.63,,6,25
159,5,47.46,,,22
160,9,57.2,13,27,34
161,4,61.88,7,9,25
162,9,29.87,30,38,121
163,4,50.34,7,6,17
164,2,60.31,7,9,25
165,4,60.75,,,9
166,9,50.83,23,43,96
167,9,53.18,,8,19
168,9,47.15,52,87,239
169,3,57.45,,,13
170,9,47.15,16,16,77
171,3,49.99,58,105,237
172,3,54.72,,,11
173,6,51.61,1343,1652,2226
174,6,42.52,13,16,11
175,6,44.86,11,9,14
177,6,53.44,94,170,336
178,6,39.58,33,116,174
179,6,46.27,14,19,59
180,6,49.45,10,35,61
181,6,46.73,2004,2275,3234
182,6,45.36,26,24,53
183,6,49.09,11,9,48
184,6,49.25,13,36,49
185,6,53.54,131,202,453
186,4,46.2,,11,55
187,6,52.59,,,
188,9,46.96,,,11
190,6,50.21,,,
191,6,41.08,6,,6
192,9,52.59,,,10
193,7,52.59,,,
194,6,52.66,14,20,65
195,6,47.59,,,
196,7,33.2,155,359,1271
198,7,33.2,32,50,166
199,9,40.84,,,
200,7,33.2,5,8,26
201,2,82.83,,,9
202,2,56.55,13,18,75
203,7,54.08,8,12,31
204,7,48,,11,26
205,7,41.65,,5,18
206,7,42.56,,,
207,7,40.21,16,22,87
208,7,33.2,6,20,14
209,7,33.2,5,12,29
210,7,33.2,25,40,28
211,7,33.2,19,24,17
213,7,33.2,,,
214,2,54.4,7,13,28
216,2,58.7,,,8
218,2,58.7,,,
219,2,58.7,,,5
220,2,54.4,,,7
221,2,54.4,,,
224,7,47.22,65,72,240
225,7,47.22,,,18
226,8,50.25,8,20,31
227,7,41.22,,,
228,8,50.25,,,
229,8,48,8,11,29
230,7,54.08,7,6,39
231,7,54.08,,,
232,7,54.08,,,
233,9,49.52,,,
235,4,60.31,52,77,241
237,4,72.62,,7,25
238,4,72.62,,,5
239,4,72.62,,,
241,7,43.27,6,18,44
242,7,38.61,16,36,153
243,7,43.27,,,13
244,7,37.97,8,21,48
246,7,44.66,5,15,26
247,8,37.97,,,9
248,7,37.97,8,,6
249,7,37.97,,,
250,7,37.97,,,
251,7,42.15,7,,9
252,7,37.97,,,10
253,8,48.31,7,20,42
254,8,48.31,6,,7
255,8,48.31,,,9
257,8,48.31,11,6,8
258,8,54.27,36,45,75
259,7,46.65,49,126,507
260,7,46.65,19,23,62
261,8,46.09,,,19
262,8,46.09,177,313,632
263,8,49.5,21,78,425
264,8,52.9,,,8
265,8,49.5,8,51,204
266,8,34.52,,,13
267,8,39.45,6,,42
268,8,52.9,,,16
269,8,59.9,5,7,30
270,8,59.9,,8,18
271,8,59.9,,6,14
272,8,59.9,5,14,53
273,8,49.5,,6,30
274,8,34.52,6,7,28
275,8,40.15,16,32,169
276,8,49.5,5,11,23
277,8,49.5,13,21,44
278,8,49.5,,,23
279,8,49.5,38,56,109
280,8,49.5,18,34,56
281,8,49.5,,,5
282,8,48.11,,,6
283,3,69.73,,5,8
284,8,52.79,,,
286,8,52.79,,7,23
287,8,57.47,,,
288,8,46.09,,,
289,8,37.36,,9,51
290,8,37.36,15,26,82
291,8,37.36,,,
292,8,36.29,25,25,44
293,8,36.29,,18,16
294,8,36.29,36,69,109
295,8,35.63,,,
296,8,35.63,10,8,26
297,8,35.63,,,
298,7,56,,8,8
299,7,42.01,,,
300,8,36.49,,,8
301,8,44.95,11,27,60
302,7,44.95,,,8
303,7,44.95,,,
304,8,36.29,,,
305,8,35.63,26,26,69
306,8,35.63,,6,46
307,8,40.86,,,18
308,8,35.63,6,,21
309,8,35.63,,6,15
310,8,35.63,,,
311,8,35.63,,,7
312,8,47.38,,,12
313,8,46.65,12,19,65
314,8,50,,,7
315,8,48.27,,8,22
316,8,35.63,,,26
317,8,35.63,,,15
318,8,55.65,7,10,35
319,8,55.65,,,19
320,7,43.27,,,
321,8,52.74,15,27,63
323,8,35.63,,,
324,8,35.63,,,
325,8,35.63,,,
326,8,35.63,,9,45
327,8,35.63,,,
329,8,35.63,,13,59
330,8,35.63,,7,8
331,8,35.63,8,13,38
333,8,35.63,,8,30
334,7,46.09,8,23,170
336,8,52.74,,,5
337,8,40.02,,,
338,8,55.65,,,
339,8,35.63,8,14,15
340,8,43.27,,,7
342,8,35.63,,,
343,8,53.85,31,48,80
344,8,46.09,,,
345,8,50.38,,,12
347,8,51.04,,,7
348,8,57.97,25,61,158
349,8,53.04,,11,41
350,8,57.97,,,
351,8,48.27,,,
352,8,51.61,,6,
354,8,34.52,,,9
355,8,57.97,,,5
356,8,53.04,,,
357,9,42.24,,5,13
358,4,60.31,,7,
359,7,47.38,6,13,40
360,8,52.21,,,63
362,8,47.8,,,9
363,8,53.76,,,
365,8,52.21,39,43,161
366,8,46.09,43,85,174
367,8,46.09,,,7
368,9,52.21,,,7
369,4,50.04,23,37,160
370,4,60.31,6,12,19
372,4,60.31,,,22
374,4,50.04,6,10,22
376,4,72.62,,,
377,4,72.62,,,
378,4,72.62,,,11
379,4,72.62,,6,7
380,4,72.62,,,18
381,4,60.31,,,15
382,8,55.65,6,12,53
383,8,60.65,,,
384,8,65.43,,,
385,8,60.22,,,13
386,8,55.13,22,57,166
387,8,54.23,,,9
389,8,57.41,,,22
390,8,52.74,,,
392,8,56.29,,,
393,9,49.88,,,19
394,9,48.47,,,
395,9,44.54,,,11
396,9,49.68,,,
397,9,44.54,5,,8
398,4,60.31,,,5
399,4,50.04,,,
400,4,50.04,6,7,16
401,4,50.04,,,
405,2,59.38,48,95,362
406,9,41.15,11,14,21
407,9,34.52,,,13
408,9,47.15,12,,27
409,9,50,359,543,1532
410,9,34.52,,5,16
412,9,44.15,106,159,526
413,9,34.52,18,27,97
414,9,36.61,145,223,480
415,9,34.52,22,23,50
416,9,42.84,7,12,36
417,9,50,12,33,112
418,9,34.52,,,7
419,9,38.33,,,
420,9,50,,5,17
421,9,38.33,56,104,462
422,9,50,,10,6
423,1,59.83,,,
424,9,36.61,,,9
425,8,54.38,36,48,201
426,8,52.81,6,13,61
427,8,50.04,,,5
428,2,67.87,,,11
429,2,67.87,,7,25
430,9,47.15,,,
431,9,42.24,11,,7
432,9,40.84,8,11,21
433,7,41.22,,,12
434,2,76.18,7,9,16
435,9,33.61,7,6,35
436,9,34.52,13,26,40
437,8,42.25,19,20,43
438,8,59.27,45,64,189
439,9,49.63,,11,29
440,7,56.45,10,11,62
441,8,50.38,,,8
442,8,49.07,,,6
443,8,48.61,,7,48
444,5,52.42,,,13
445,8,50.4,,,
446,9,49.63,,5,28
447,9,49.68,22,21,40
448,9,49.68,,,
449,4,72.62,,,10
450,4,50.04,,,10
451,4,60.31,,16,52
452,4,60.31,,,7
453,7,47.95,55,110,171
454,8,50,6,6,24
455,8,47.61,19,29,90
456,8,49.63,,9,14
457,8,49.24,33,56,110
458,6,43.36,,7,15
459,6,45.36,,8,27
461,8,49.63,,20,40
462,4,72.62,17,25,69
463,4,72.62,,,5
464,8,35.92,78,138,316
465,8,43.73,,,25
466,8,37.4,,,10
467,8,33.04,51,68,153
468,8,37.36,,7,35
469,8,37.4,,6,27
470,8,41.61,10,28,83
471,4,72.62,,,
472,4,72.62,,,
473,4,60.31,8,12,48
474,7,48,,5,21
475,7,48,,,
476,7,48,,,10
477,7,48,,,9
478,9,49.68,,,5
479,4,60.31,,,21
480,1,84.08,6,6,94
481,7,50.5,,,33
482,4,66.41,14,48,92
483,4,60.31,,9,24
484,7,44.78,10,10,37
485,7,47.56,,,10
486,7,53.16,13,25,30
487,7,48,5,5,12
488,7,48,,,13
489,9,53.04,,,22
490,9,51.84,,,
491,7,48,,,
492,7,48,,,
493,7,48,,,
494,7,48,,,
496,7,48,,,5
497,4,60.31,,,11
498,7,50.04,,5,26
499,4,60.31,,,
500,4,72.62,,,7
501,4,60.31,,5,22
502,4,60.31,,,9
505,7,50.52,,,8
506,7,54.74,33,33,73
507,7,54.74,26,29,102
508,8,47.61,,9,23
509,8,50.31,22,25,44
510,8,50.31,36,52,109
511,9,49.68,6,6,
512,9,49.68,14,10,57
513,9,49.68,,,
514,7,47.38,,,
515,4,72.62,,,5
516,4,60.31,,11,16
517,4,60.31,,,
518,4,60.31,,,
519,7,49.52,24,24,127
520,7,49.52,,,8
521,9,49.68,,,
522,9,57.22,5,5,20
525,9,57.22,,,6
526,8,57.22,,,10
527,9,54.04,,,6
528,9,57.22,,,
529,4,50.04,,15,66
530,4,60.31,,,10
531,9,58.11,11,26,109
532,9,54.81,,,
533,9,55.65,,,25
534,9,58.09,,,
535,9,54.04,,,
536,9,54.04,33,54,158
537,9,55.81,34,22,56
538,9,52.81,,,
539,9,59.77,,,23
540,9,55.81,,,5
541,3,54.42,,,
542,9,54.04,5,24,37
544,2,52.22,,,12
545,2,52.22,,,
546,2,54.4,,5,8
547,4,50.04,,8,36
548,7,51.95,47,81,149
549,7,51.56,149,162,466
550,7,50.02,108,124,219
551,7,41.16,364,518,1057
552,7,56,,15,57
553,7,45.72,,,
554,7,46.31,,,
555,7,45.72,79,210,736
556,7,45.72,7,5,32
557,7,54.56,40,45,74
558,7,54.56,238,59,47
559,7,51.56,46,55,71
560,7,51.56,23,34,81
561,7,47.06,126,224,121
562,7,47.06,143,144,170
563,7,45.72,,,7
564,7,45.72,15,7,15
565,7,56,6,,16
566,7,56,21,17,33
568,7,56,,17,14
569,7,40.77,,5,
571,7,45.72,33,74,92
572,7,45.72,51,69,109
573,7,50.65,15,13,34
574,7,51.56,20,37,35
575,7,45.72,,,6
576,7,41.16,97,111,117
577,7,30.31,16,28,10
578,7,56,,7,10
579,7,45.72,12,31,56
580,7,45.72,24,29,18
581,7,45.72,,,
582,7,45.72,,,
583,7,45.72,6,20,28
584,7,50.2,30,33,48
585,7,48.47,,,9
586,7,40.93,,,
587,7,45.72,,7,5
588,7,45.72,,,
589,7,47.38,,,
591,7,51.56,,,
592,7,44.62,59,96,181
593,7,43.65,35,50,111
594,7,51.56,,,25
595,7,56,,8,
596,7,48.47,52,47,64
597,7,40.77,5,,16
598,7,30.31,5,12,45
599,7,30.31,,,8
600,7,50.31,,,
601,7,58.29,,,6
602,7,46.31,,,
603,7,51.5,,,
604,7,40.77,,,
605,7,30.31,18,5,6
606,7,45.72,308,73,88
607,7,45.72,53,34,84
608,7,41.65,63,46,84
609,7,50.95,,,5
610,7,50.95,,,9
611,7,50.95,,18,26
612,7,50.95,,8,
613,7,50.95,18,12,34
614,9,55.81,11,6,17
615,9,55.81,,,
616,9,55.81,29,30,51
617,9,55.81,,7,9
618,7,50.95,,15,28
619,7,50.95,8,11,21
620,7,50.95,13,22,49
622,7,50.95,41,43,99
623,7,50.95,7,21,35
624,7,50.95,,,
625,7,50.95,11,15,38
626,7,50.95,6,6,8
627,7,50.95,25,30,41
628,4,60.31,35,85,313
630,4,72.62,17,20,46
631,4,60.31,,,31
632,4,72.62,,6,20
633,4,72.62,,7,8
634,4,60.31,,10,15
635,4,60.31,,,
637,4,60.31,,,
638,4,60.31,7,11,37
640,4,60.31,,,8
641,4,60.31,,,5
643,4,47.15,,9,22
644,4,60.31,,,7
645,9,49.68,,5,14
646,7,47.38,,5,31
647,7,47.38,,,14
648,7,47.38,,,
649,7,47.38,8,11,20
650,7,47.38,5,18,22
651,7,50.04,32,24,49
652,4,50.04,,,
653,7,51.56,254,335,475
654,7,50.31,6,6,33
655,4,60.31,95,104,208
656,4,60.31,,,
657,7,47.38,27,60,159
658,7,50.31,6,7,19
659,7,48.96,19,34,94
660,9,49.68,5,9,28
661,7,47.54,10,10,28
662,7,60.31,11,13,60
663,8,47.38,463,677,1186
664,8,47.61,,,
665,8,53.77,10,18,80
666,4,60.31,7,6,74
667,7,47.38,,,
668,5,54.13,24,33,80
669,7,50.31,,,8
670,7,47.61,,,
671,4,60.31,,,
672,4,60.31,,,
673,4,60.31,,,
675,4,60.31,,,
676,7,46.45,,,
677,6,44.76,21,28,97
678,7,54.68,,,17
679,7,60.31,,7,12
680,4,60.31,17,52,107
681,7,50.81,8,12,25
682,7,51.3,115,168,513
683,7,53.49,,,5
684,4,60.31,,6,18
685,4,53.49,18,22,94
686,7,36.61,73,105,249
687,4,72.62,23,44,87
688,9,50.24,,,
689,4,72.62,5,12,18
690,7,39.63,,,19
691,4,60.31,85,138,346
692,4,60.31,33,62,183
693,7,50.99,,,12
694,7,52.74,,,
695,7,52.24,,,20
696,6,46.2,,,
697,4,50.04,145,266,856
698,4,50.04,32,47,180
699,7,50.84,,,45
700,7,54.73,,,
701,7,50.99,,,
703,4,60.31,,,16
704,4,72.62,,,
705,4,60.31,,,
706,7,50.81,,6,12
707,4,50.04,6,8,39
708,7,58.52,35,45,89
709,7,50.84,36,75,215
710,7,50.84,,,6
711,5,41.2,,6,49
712,5,60.56,21,45,113
713,5,47.35,164,274,640
714,5,41.2,67,71,159
715,7,50.84,,,
716,5,50.84,5,6,37
717,5,49.81,,,18
718,5,49.81,,,
719,5,49.81,12,10,23
720,5,48.43,,,6
721,5,48.43,,,15
722,4,60.31,12,23,78
723,8,48,21,51,196
724,8,43.75,7,18,65
725,8,45.34,,,10
726,8,45.34,,12,34
727,9,48.52,,,13
728,5,34.52,,,8
730,4,59.88,,,
731,5,55.22,,,13
732,5,55.22,,,
733,4,64.93,11,23,30
734,6,49.27,,5,
735,6,50.21,,,
736,4,55.56,,,
737,7,54.52,,,
738,9,54.45,7,19,31
739,9,49.68,,,8
740,9,49.68,5,,
741,7,54.52,,,
742,9,57.11,,,13
743,5,48.43,,,35
744,4,60.31,,11,18
745,1,56.68,,,8
746,9,44.54,,,
747,9,59.83,,,6
748,9,49.68,,,
749,7,48,,,6
750,9,49.68,,6,6
751,4,60.31,17,24,38
754,4,72.62,,,
755,4,72.62,,,
756,3,58.68,,,
757,4,50.04,,,
758,4,60.31,42,57,158
759,4,53.31,5,11,60
760,4,46.09,14,20,55
761,2,57.62,63,82,134
762,2,67.87,,15,50
763,4,46.7,,,
764,9,34.52,,,13
765,9,34.52,415,534,1846
766,9,38.72,86,145,526
767,3,66.01,,,6
768,8,55.34,58,67,114
770,9,41.65,31,29,40
771,8,53.76,6,20,48
777,2,54.4,,,5
