baseline_year,endpoint_year,hiscam,sons_n,unscaled_n,total_n
1851,1881,29.87,30,389,14355
1851,1881,30.31,42,389,14355
1851,1881,33.04,51,389,14355
1851,1881,33.2,247,389,14355
1851,1881,33.61,7,389,14355
1851,1881,34.52,549,389,14355
1851,1881,34.68,123,389,14355
1851,1881,35.2,155,389,14355
1851,1881,35.63,84,389,14355
1851,1881,35.92,78,389,14355
1851,1881,36.29,65,389,14355
1851,1881,36.49,1,389,14355
1851,1881,36.61,219,389,14355
1851,1881,37.36,20,389,14355
1851,1881,37.36,4,389,14355
1851,1881,37.4,2,389,14355
1851,1881,37.97,20,389,14355
1851,1881,38.33,58,389,14355
1851,1881,38.61,16,389,14355
1851,1881,38.7,62,389,14355
1851,1881,38.72,86,389,14355
1851,1881,39.45,6,389,14355
1851,1881,39.58,33,389,14355
1851,1881,39.63,3,389,14355
1851,1881,40.02,1,389,14355
1851,1881,40.15,16,389,14355
1851,1881,40.21,16,389,14355
1851,1881,40.77,11,389,14355
1851,1881,40.84,8,389,14355
1851,1881,40.86,2,389,14355
1851,1881,41.08,42,389,14355
1851,1881,41.15,11,389,14355
1851,1881,41.16,461,389,14355
1851,1881,41.18,28,389,14355
1851,1881,41.2,71,389,14355
1851,1881,41.22,2,389,14355
1851,1881,41.61,10,389,14355
1851,1881,41.65,95,389,14355
1851,1881,42.01,4,389,14355
1851,1881,42.15,7,389,14355
1851,1881,42.24,14,389,14355
1851,1881,42.25,19,389,14355
1851,1881,42.52,13,389,14355
1851,1881,42.84,7,389,14355
1851,1881,43.27,8,389,14355
1851,1881,43.36,3,389,14355
1851,1881,43.65,35,389,14355
1851,1881,43.73,2,389,14355
1851,1881,43.75,7,389,14355
1851,1881,44.15,106,389,14355
1851,1881,44.54,8,389,14355
1851,1881,44.62,59,389,14355
1851,1881,44.66,5,389,14355
1851,1881,44.68,38,389,14355
1851,1881,44.76,21,389,14355
1851,1881,44.78,10,389,14355
1851,1881,44.86,11,389,14355
1851,1881,44.95,13,389,14355
1851,1881,45.34,1,389,14355
1851,1881,45.36,28,389,14355
1851,1881,45.47,17,389,14355
1851,1881,45.72,594,389,14355
1851,1881,46.09,245,389,14355
1851,1881,46.2,2,389,14355
1851,1881,46.27,14,389,14355
1851,1881,46.31,1,389,14355
1851,1881,46.49,2,389,14355
1851,1881,46.65,80,389,14355
1851,1881,46.7,1,389,14355
1851,1881,46.73,2004,389,14355
1851,1881,46.96,3,389,14355
1851,1881,47.06,269,389,14355
1851,1881,47.15,95,389,14355
1851,1881,47.22,67,389,14355
1851,1881,47.35,164,389,14355
1851,1881,47.38,513,389,14355
1851,1881,47.46,1,389,14355
1851,1881,47.54,10,389,14355
1851,1881,47.61,25,389,14355
1851,1881,47.84,2,389,14355
1851,1881,47.94,4,389,14355
1851,1881,47.95,55,389,14355
1851,1881,48,46,389,14355
1851,1881,48.27,4,389,14355
1851,1881,48.31,27,389,14355
1851,1881,48.43,108,389,14355
1851,1881,48.47,1,389,14355
1851,1881,48.47,53,389,14355
1851,1881,48.61,4,389,14355
1851,1881,48.96,19,389,14355
1851,1881,49.09,11,389,14355
1851,1881,49.24,33,389,14355
1851,1881,49.25,13,389,14355
1851,1881,49.27,3,389,14355
1851,1881,49.45,65,389,14355
1851,1881,49.5,106,389,14355
1851,1881,49.51,5,389,14355
1851,1881,49.52,28,389,14355
1851,1881,49.63,11,389,14355
1851,1881,49.68,63,389,14355
1851,1881,49.81,15,389,14355
1851,1881,49.88,2,389,14355
1851,1881,49.99,58,389,14355
1851,1881,50,384,389,14355
1851,1881,50.02,108,389,14355
1851,1881,50.04,264,389,14355
1851,1881,50.2,30,389,14355
1851,1881,50.21,1,389,14355
1851,1881,50.24,1,389,14355
1851,1881,50.25,9,389,14355
1851,1881,50.31,74,389,14355
1851,1881,50.34,7,389,14355
1851,1881,50.38,1,389,14355
1851,1881,50.4,4,389,14355
1851,1881,50.5,2,389,14355
1851,1881,50.52,3,389,14355
1851,1881,50.54,1,389,14355
1851,1881,50.65,15,389,14355
1851,1881,50.81,11,389,14355
1851,1881,50.83,23,389,14355
1851,1881,50.84,46,389,14355
1851,1881,50.94,6,389,14355
1851,1881,50.95,135,389,14355
1851,1881,50.99,7,389,14355
1851,1881,51.04,1,389,14355
1851,1881,51.3,115,389,14355
1851,1881,51.56,495,389,14355
1851,1881,51.61,1344,389,14355
1851,1881,51.84,2,389,14355
1851,1881,51.95,47,389,14355
1851,1881,52.21,44,389,14355
1851,1881,52.22,1,389,14355
1851,1881,52.42,1,389,14355
1851,1881,52.59,1,389,14355
1851,1881,52.66,14,389,14355
1851,1881,52.74,15,389,14355
1851,1881,52.79,4,389,14355
1851,1881,52.81,7,389,14355
1851,1881,52.9,2,389,14355
1851,1881,53.04,2,389,14355
1851,1881,53.16,13,389,14355
1851,1881,53.18,2,389,14355
1851,1881,53.2,5,389,14355
1851,1881,53.31,5,389,14355
1851,1881,53.44,94,389,14355
1851,1881,53.49,19,389,14355
1851,1881,53.54,145,389,14355
1851,1881,53.76,6,389,14355
1851,1881,53.77,10,389,14355
1851,1881,53.85,31,389,14355
1851,1881,54.04,40,389,14355
1851,1881,54.08,19,389,14355
1851,1881,54.13,24,389,14355
1851,1881,54.23,2,389,14355
1851,1881,54.27,36,389,14355
1851,1881,54.38,36,389,14355
1851,1881,54.4,21,389,14355
1851,1881,54.42,1,389,14355
1851,1881,54.45,7,389,14355
1851,1881,54.52,1,389,14355
1851,1881,54.56,278,389,14355
1851,1881,54.68,2,389,14355
1851,1881,54.72,13,389,14355
1851,1881,54.73,1,389,14355
1851,1881,54.74,59,389,14355
1851,1881,54.88,5,389,14355
1851,1881,55.13,22,389,14355
1851,1881,55.18,14,389,14355
1851,1881,55.22,4,389,14355
1851,1881,55.31,15,389,14355
1851,1881,55.34,58,389,14355
1851,1881,55.65,4,389,14355
1851,1881,55.65,17,389,14355
1851,1881,55.81,79,389,14355
1851,1881,55.84,4,389,14355
1851,1881,56,40,389,14355
1851,1881,56.12,9,389,14355
1851,1881,56.22,2,389,14355
1851,1881,56.45,10,389,14355
1851,1881,56.55,13,389,14355
1851,1881,56.68,1,389,14355
1851,1881,57.1,3,389,14355
1851,1881,57.11,4,389,14355
1851,1881,57.2,64,389,14355
1851,1881,57.22,6,389,14355
1851,1881,57.34,2,389,14355
1851,1881,57.41,2,389,14355
1851,1881,57.45,2,389,14355
1851,1881,57.62,63,389,14355
1851,1881,57.63,1,389,14355
1851,1881,57.97,25,389,14355
1851,1881,58.09,1,389,14355
1851,1881,58.11,11,389,14355
1851,1881,58.13,66,389,14355
1851,1881,58.29,3,389,14355
1851,1881,58.52,35,389,14355
1851,1881,58.68,90,389,14355
1851,1881,58.7,3,389,14355
1851,1881,59.27,45,389,14355
1851,1881,59.38,48,389,14355
1851,1881,59.77,1,389,14355
1851,1881,59.83,4,389,14355
1851,1881,59.88,30,389,14355
1851,1881,59.9,11,389,14355
1851,1881,60.22,3,389,14355
1851,1881,60.31,502,389,14355
1851,1881,60.34,9,389,14355
1851,1881,60.56,21,389,14355
1851,1881,60.75,1,389,14355
1851,1881,61.11,6,389,14355
1851,1881,61.88,7,389,14355
1851,1881,63.2,3,389,14355
1851,1881,64.56,34,389,14355
1851,1881,64.83,3,389,14355
1851,1881,64.93,11,389,14355
1851,1881,65,19,389,14355
1851,1881,65.33,12,389,14355
1851,1881,66,2,389,14355
1851,1881,66.01,2,389,14355
1851,1881,66.11,4,389,14355
1851,1881,66.41,14,389,14355
1851,1881,66.66,4,389,14355
1851,1881,66.81,3,389,14355
1851,1881,66.98,5,389,14355
1851,1881,67.66,11,389,14355
1851,1881,67.87,4,389,14355
1851,1881,69.31,17,389,14355
1851,1881,69.67,35,389,14355
1851,1881,71.37,2,389,14355
1851,1881,72.53,17,389,14355
1851,1881,72.62,84,389,14355
1851,1881,73.92,1,389,14355
1851,1881,74.11,17,389,14355
1851,1881,74.23,34,389,14355
1851,1881,74.44,30,389,14355
1851,1881,74.48,4,389,14355
1851,1881,75.48,11,389,14355
1851,1881,76.18,7,389,14355
1851,1881,76.81,5,389,14355
1851,1881,77.77,9,389,14355
1851,1881,78.16,22,389,14355
1851,1881,78.76,7,389,14355
1851,1881,79.04,27,389,14355
1851,1881,79.41,1,389,14355
1851,1881,82.19,2,389,14355
1851,1881,82.83,5,389,14355
1851,1881,83.25,8,389,14355
1851,1881,84.08,6,389,14355
1851,1881,87.01,1,389,14355
1851,1881,87.68,7,389,14355
1851,1881,91.16,4,389,14355
1851,1881,91.54,2,389,14355
1851,1881,93.73,1,389,14355
1851,1881,99,9,389,14355
1861,1891,29.87,38,722,20895
1861,1891,30.31,49,722,20895
1861,1891,33.04,68,722,20895
1861,1891,33.2,513,722,20895
1861,1891,33.61,6,722,20895
1861,1891,34.52,753,722,20895
1861,1891,34.68,162,722,20895
1861,1891,35.2,397,722,20895
1861,1891,35.63,131,722,20895
1861,1891,35.92,138,722,20895
1861,1891,36.29,112,722,20895
1861,1891,36.49,1,722,20895
1861,1891,36.61,329,722,20895
1861,1891,37.36,39,722,20895
1861,1891,37.36,7,722,20895
1861,1891,37.4,8,722,20895
1861,1891,37.97,31,722,20895
1861,1891,38.1,3,722,20895
1861,1891,38.33,105,722,20895
1861,1891,38.61,36,722,20895
1861,1891,38.7,92,722,20895
1861,1891,38.72,145,722,20895
1861,1891,39.45,3,722,20895
1861,1891,39.58,116,722,20895
1861,1891,39.63,1,722,20895
1861,1891,40.15,32,722,20895
1861,1891,40.21,22,722,20895
1861,1891,40.77,7,722,20895
1861,1891,40.84,11,722,20895
1861,1891,41.08,66,722,20895
1861,1891,41.15,14,722,20895
1861,1891,41.16,629,722,20895
1861,1891,41.18,83,722,20895
1861,1891,41.2,77,722,20895
1861,1891,41.22,6,722,20895
1861,1891,41.61,28,722,20895
1861,1891,41.65,80,722,20895
1861,1891,42.01,4,722,20895
1861,1891,42.24,6,722,20895
1861,1891,42.25,20,722,20895
1861,1891,42.52,16,722,20895
1861,1891,42.56,1,722,20895
1861,1891,42.84,12,722,20895
1861,1891,43.27,21,722,20895
1861,1891,43.36,7,722,20895
1861,1891,43.65,50,722,20895
1861,1891,43.73,4,722,20895
1861,1891,43.75,18,722,20895
1861,1891,43.96,6,722,20895
1861,1891,44.15,159,722,20895
1861,1891,44.54,8,722,20895
1861,1891,44.62,96,722,20895
1861,1891,44.66,15,722,20895
1861,1891,44.68,93,722,20895
1861,1891,44.76,28,722,20895
1861,1891,44.78,10,722,20895
1861,1891,44.86,9,722,20895
1861,1891,44.95,28,722,20895
1861,1891,45.34,12,722,20895
1861,1891,45.36,32,722,20895
1861,1891,45.47,21,722,20895
1861,1891,45.63,6,722,20895
1861,1891,45.72,565,722,20895
1861,1891,46.09,447,722,20895
1861,1891,46.2,11,722,20895
1861,1891,46.27,19,722,20895
1861,1891,46.31,1,722,20895
1861,1891,46.49,3,722,20895
1861,1891,46.65,168,722,20895
1861,1891,46.7,3,722,20895
1861,1891,46.73,2275,722,20895
1861,1891,46.96,4,722,20895
1861,1891,47.06,368,722,20895
1861,1891,47.15,133,722,20895
1861,1891,47.22,74,722,20895
1861,1891,47.35,274,722,20895
1861,1891,47.38,792,722,20895
1861,1891,47.46,4,722,20895
1861,1891,47.54,10,722,20895
1861,1891,47.56,1,722,20895
1861,1891,47.61,41,722,20895
1861,1891,47.79,4,722,20895
1861,1891,47.84,8,722,20895
1861,1891,47.94,6,722,20895
1861,1891,47.95,110,722,20895
1861,1891,48,96,722,20895
1861,1891,48.27,9,722,20895
1861,1891,48.31,28,722,20895
1861,1891,48.43,183,722,20895
1861,1891,48.47,3,722,20895
1861,1891,48.47,49,722,20895
1861,1891,48.52,3,722,20895
1861,1891,48.61,7,722,20895
1861,1891,48.96,34,722,20895
1861,1891,49.07,2,722,20895
1861,1891,49.09,9,722,20895
1861,1891,49.24,56,722,20895
1861,1891,49.25,36,722,20895
1861,1891,49.27,5,722,20895
1861,1891,49.45,118,722,20895
1861,1891,49.5,259,722,20895
1861,1891,49.51,37,722,20895
1861,1891,49.52,32,722,20895
1861,1891,49.63,45,722,20895
1861,1891,49.68,70,722,20895
1861,1891,49.81,16,722,20895
1861,1891,49.88,1,722,20895
1861,1891,49.99,105,722,20895
1861,1891,50,597,722,20895
1861,1891,50.02,124,722,20895
1861,1891,50.04,430,722,20895
1861,1891,50.2,33,722,20895
1861,1891,50.24,1,722,20895
1861,1891,50.25,21,722,20895
1861,1891,50.31,93,722,20895
1861,1891,50.34,6,722,20895
1861,1891,50.38,3,722,20895
1861,1891,50.4,3,722,20895
1861,1891,50.52,1,722,20895
1861,1891,50.54,6,722,20895
1861,1891,50.65,13,722,20895
1861,1891,50.81,18,722,20895
1861,1891,50.83,43,722,20895
1861,1891,50.84,85,722,20895
1861,1891,50.94,8,722,20895
1861,1891,50.95,205,722,20895
1861,1891,50.99,6,722,20895
1861,1891,51.04,1,722,20895
1861,1891,51.3,168,722,20895
1861,1891,51.5,2,722,20895
1861,1891,51.56,627,722,20895
1861,1891,51.61,1658,722,20895
1861,1891,51.95,81,722,20895
1861,1891,52.21,49,722,20895
1861,1891,52.22,4,722,20895
1861,1891,52.24,2,722,20895
1861,1891,52.42,1,722,20895
1861,1891,52.59,6,722,20895
1861,1891,52.66,20,722,20895
1861,1891,52.74,27,722,20895
1861,1891,52.74,1,722,20895
1861,1891,52.79,9,722,20895
1861,1891,52.81,13,722,20895
1861,1891,52.9,3,722,20895
1861,1891,52.9,4,722,20895
1861,1891,53.04,15,722,20895
1861,1891,53.16,25,722,20895
1861,1891,53.18,8,722,20895
1861,1891,53.2,14,722,20895
1861,1891,53.31,11,722,20895
1861,1891,53.44,170,722,20895
1861,1891,53.49,22,722,20895
1861,1891,53.54,246,722,20895
1861,1891,53.76,21,722,20895
1861,1891,53.77,18,722,20895
1861,1891,53.85,48,722,20895
1861,1891,54.04,79,722,20895
1861,1891,54.08,20,722,20895
1861,1891,54.13,33,722,20895
1861,1891,54.23,3,722,20895
1861,1891,54.27,45,722,20895
1861,1891,54.38,48,722,20895
1861,1891,54.4,42,722,20895
1861,1891,54.42,1,722,20895
1861,1891,54.45,19,722,20895
1861,1891,54.52,1,722,20895
1861,1891,54.56,104,722,20895
1861,1891,54.68,3,722,20895
1861,1891,54.72,47,722,20895
1861,1891,54.73,2,722,20895
1861,1891,54.74,62,722,20895
1861,1891,54.88,5,722,20895
1861,1891,55.13,57,722,20895
1861,1891,55.18,11,722,20895
1861,1891,55.22,8,722,20895
1861,1891,55.31,22,722,20895
1861,1891,55.34,67,722,20895
1861,1891,55.56,1,722,20895
1861,1891,55.65,2,722,20895
1861,1891,55.65,26,722,20895
1861,1891,55.81,72,722,20895
1861,1891,55.84,10,722,20895
1861,1891,56,76,722,20895
1861,1891,56.12,12,722,20895
1861,1891,56.22,3,722,20895
1861,1891,56.29,1,722,20895
1861,1891,56.45,11,722,20895
1861,1891,56.55,18,722,20895
1861,1891,56.68,2,722,20895
1861,1891,57.1,2,722,20895
1861,1891,57.11,2,722,20895
1861,1891,57.2,117,722,20895
1861,1891,57.22,8,722,20895
1861,1891,57.41,4,722,20895
1861,1891,57.45,3,722,20895
1861,1891,57.62,82,722,20895
1861,1891,57.63,3,722,20895
1861,1891,57.97,65,722,20895
1861,1891,58.11,26,722,20895
1861,1891,58.13,106,722,20895
1861,1891,58.29,3,722,20895
1861,1891,58.52,45,722,20895
1861,1891,58.68,181,722,20895
1861,1891,58.7,5,722,20895
1861,1891,59.27,64,722,20895
1861,1891,59.38,95,722,20895
1861,1891,59.77,3,722,20895
1861,1891,59.83,9,722,20895
1861,1891,59.88,85,722,20895
1861,1891,59.9,35,722,20895
1861,1891,60.22,2,722,20895
1861,1891,60.31,856,722,20895
1861,1891,60.34,22,722,20895
1861,1891,60.56,45,722,20895
1861,1891,60.75,4,722,20895
1861,1891,61.11,20,722,20895
1861,1891,61.88,9,722,20895
1861,1891,63.2,17,722,20895
1861,1891,64.56,68,722,20895
1861,1891,64.64,3,722,20895
1861,1891,64.83,10,722,20895
1861,1891,64.93,23,722,20895
1861,1891,65,26,722,20895
1861,1891,65.33,16,722,20895
1861,1891,65.43,1,722,20895
1861,1891,66,8,722,20895
1861,1891,66.11,1,722,20895
1861,1891,66.41,48,722,20895
1861,1891,66.66,5,722,20895
1861,1891,66.81,7,722,20895
1861,1891,66.98,2,722,20895
1861,1891,67.66,7,722,20895
1861,1891,67.87,26,722,20895
1861,1891,69.31,27,722,20895
1861,1891,69.67,41,722,20895
1861,1891,69.73,5,722,20895
1861,1891,70.4,8,722,20895
1861,1891,71.37,3,722,20895
1861,1891,72.53,20,722,20895
1861,1891,72.62,143,722,20895
1861,1891,73.92,1,722,20895
1861,1891,74.11,22,722,20895
1861,1891,74.23,63,722,20895
1861,1891,74.44,18,722,20895
1861,1891,74.48,4,722,20895
1861,1891,74.63,1,722,20895
1861,1891,75.48,32,722,20895
1861,1891,76.18,9,722,20895
1861,1891,76.81,9,722,20895
1861,1891,77.77,13,722,20895
1861,1891,78.16,25,722,20895
1861,1891,78.76,8,722,20895
1861,1891,79.04,46,722,20895
1861,1891,79.41,9,722,20895
1861,1891,80.43,2,722,20895
1861,1891,82.19,5,722,20895
1861,1891,82.83,14,722,20895
1861,1891,83.25,12,722,20895
1861,1891,84.08,6,722,20895
1861,1891,87.01,2,722,20895
1861,1891,87.68,4,722,20895
1861,1891,91.16,6,722,20895
1861,1891,91.54,12,722,20895
1861,1891,93.73,2,722,20895
1861,1891,99,5,722,20895
1881,1911,29.87,121,987,50187
1881,1911,30.31,69,987,50187
1881,1911,33.04,153,987,50187
1881,1911,33.2,1552,987,50187
1881,1911,33.61,35,987,50187
1881,1911,34.52,2538,987,50187
1881,1911,34.68,383,987,50187
1881,1911,35.2,1194,987,50187
1881,1911,35.63,429,987,50187
1881,1911,35.92,316,987,50187
1881,1911,36.29,171,987,50187
1881,1911,36.49,8,987,50187
1881,1911,36.61,738,987,50187
1881,1911,37.36,137,987,50187
1881,1911,37.36,35,987,50187
1881,1911,37.4,37,987,50187
1881,1911,37.97,80,987,50187
1881,1911,38.1,18,987,50187
1881,1911,38.33,463,987,50187
1881,1911,38.61,153,987,50187
1881,1911,38.7,348,987,50187
1881,1911,38.72,526,987,50187
1881,1911,39.45,42,987,50187
1881,1911,39.58,174,987,50187
1881,1911,39.63,19,987,50187
1881,1911,40.02,4,987,50187
1881,1911,40.15,169,987,50187
1881,1911,40.21,87,987,50187
1881,1911,40.77,24,987,50187
1881,1911,40.84,25,987,50187
1881,1911,40.86,18,987,50187
1881,1911,40.93,3,987,50187
1881,1911,41.08,107,987,50187
1881,1911,41.15,21,987,50187
1881,1911,41.16,1174,987,50187
1881,1911,41.18,248,987,50187
1881,1911,41.2,208,987,50187
1881,1911,41.22,16,987,50187
1881,1911,41.61,83,987,50187
1881,1911,41.65,142,987,50187
1881,1911,42.01,3,987,50187
1881,1911,42.15,9,987,50187
1881,1911,42.24,20,987,50187
1881,1911,42.25,43,987,50187
1881,1911,42.52,11,987,50187
1881,1911,42.84,36,987,50187
1881,1911,43.27,68,987,50187
1881,1911,43.36,15,987,50187
1881,1911,43.65,111,987,50187
1881,1911,43.73,25,987,50187
1881,1911,43.75,65,987,50187
1881,1911,43.77,32,987,50187
1881,1911,43.96,9,987,50187
1881,1911,44.15,526,987,50187
1881,1911,44.54,23,987,50187
1881,1911,44.62,181,987,50187
1881,1911,44.66,26,987,50187
1881,1911,44.68,350,987,50187
1881,1911,44.76,97,987,50187
1881,1911,44.78,37,987,50187
1881,1911,44.86,14,987,50187
1881,1911,44.95,70,987,50187
1881,1911,45.34,44,987,50187
1881,1911,45.36,80,987,50187
1881,1911,45.47,81,987,50187
1881,1911,45.63,25,987,50187
1881,1911,45.72,1286,987,50187
1881,1911,46.09,1061,987,50187
1881,1911,46.2,56,987,50187
1881,1911,46.27,59,987,50187
1881,1911,46.31,2,987,50187
1881,1911,46.45,2,987,50187
1881,1911,46.49,8,987,50187
1881,1911,46.65,634,987,50187
1881,1911,46.7,10,987,50187
1881,1911,46.73,3234,987,50187
1881,1911,46.96,11,987,50187
1881,1911,47.06,291,987,50187
1881,1911,47.15,419,987,50187
1881,1911,47.22,258,987,50187
1881,1911,47.35,640,987,50187
1881,1911,47.38,1491,987,50187
1881,1911,47.46,22,987,50187
1881,1911,47.54,28,987,50187
1881,1911,47.56,10,987,50187
1881,1911,47.59,1,987,50187
1881,1911,47.61,119,987,50187
1881,1911,47.79,140,987,50187
1881,1911,47.8,9,987,50187
1881,1911,47.84,26,987,50187
1881,1911,47.94,22,987,50187
1881,1911,47.95,171,987,50187
1881,1911,48,334,987,50187
1881,1911,48.11,6,987,50187
1881,1911,48.27,22,987,50187
1881,1911,48.31,66,987,50187
1881,1911,48.43,419,987,50187
1881,1911,48.47,2,987,50187
1881,1911,48.47,73,987,50187
1881,1911,48.52,13,987,50187
1881,1911,48.61,48,987,50187
1881,1911,48.96,94,987,50187
1881,1911,49.07,6,987,50187
1881,1911,49.09,48,987,50187
1881,1911,49.24,110,987,50187
1881,1911,49.25,49,987,50187
1881,1911,49.27,4,987,50187
1881,1911,49.45,209,987,50187
1881,1911,49.5,919,987,50187
1881,1911,49.51,242,987,50187
1881,1911,49.52,139,987,50187
1881,1911,49.63,111,987,50187
1881,1911,49.68,176,987,50187
1881,1911,49.81,45,987,50187
1881,1911,49.88,19,987,50187
1881,1911,49.99,237,987,50187
1881,1911,50,1698,987,50187
1881,1911,50.02,219,987,50187
1881,1911,50.04,1474,987,50187
1881,1911,50.09,1,987,50187
1881,1911,50.2,48,987,50187
1881,1911,50.21,5,987,50187
1881,1911,50.24,2,987,50187
1881,1911,50.25,32,987,50187
1881,1911,50.31,215,987,50187
1881,1911,50.34,17,987,50187
1881,1911,50.38,20,987,50187
1881,1911,50.4,4,987,50187
1881,1911,50.5,33,987,50187
1881,1911,50.52,8,987,50187
1881,1911,50.54,22,987,50187
1881,1911,50.65,34,987,50187
1881,1911,50.81,37,987,50187
1881,1911,50.83,96,987,50187
1881,1911,50.84,304,987,50187
1881,1911,50.94,18,987,50187
1881,1911,50.95,397,987,50187
1881,1911,50.99,15,987,50187
1881,1911,51.04,7,987,50187
1881,1911,51.3,513,987,50187
1881,1911,51.56,1156,987,50187
1881,1911,51.61,2230,987,50187
1881,1911,51.84,4,987,50187
1881,1911,51.95,149,987,50187
1881,1911,52.21,231,987,50187
1881,1911,52.22,14,987,50187
1881,1911,52.24,20,987,50187
1881,1911,52.42,13,987,50187
1881,1911,52.59,14,987,50187
1881,1911,52.66,65,987,50187
1881,1911,52.74,69,987,50187
1881,1911,52.74,2,987,50187
1881,1911,52.79,25,987,50187
1881,1911,52.81,63,987,50187
1881,1911,52.9,8,987,50187
1881,1911,52.9,16,987,50187
1881,1911,53.04,65,987,50187
1881,1911,53.16,30,987,50187
1881,1911,53.18,19,987,50187
1881,1911,53.2,84,987,50187
1881,1911,53.31,60,987,50187
1881,1911,53.44,336,987,50187
1881,1911,53.49,99,987,50187
1881,1911,53.54,744,987,50187
1881,1911,53.76,52,987,50187
1881,1911,53.77,80,987,50187
1881,1911,53.85,80,987,50187
1881,1911,54.04,203,987,50187
1881,1911,54.08,78,987,50187
1881,1911,54.13,80,987,50187
1881,1911,54.23,9,987,50187
1881,1911,54.27,75,987,50187
1881,1911,54.38,201,987,50187
1881,1911,54.4,131,987,50187
1881,1911,54.42,2,987,50187
1881,1911,54.45,31,987,50187
1881,1911,54.52,3,987,50187
1881,1911,54.56,121,987,50187
1881,1911,54.68,17,987,50187
1881,1911,54.72,208,987,50187
1881,1911,54.73,3,987,50187
1881,1911,54.74,175,987,50187
1881,1911,54.81,2,987,50187
1881,1911,54.88,18,987,50187
1881,1911,55.13,166,987,50187
1881,1911,55.18,41,987,50187
1881,1911,55.22,34,987,50187
1881,1911,55.31,38,987,50187
1881,1911,55.34,114,987,50187
1881,1911,55.56,2,987,50187
1881,1911,55.65,25,987,50187
1881,1911,55.65,110,987,50187
1881,1911,55.81,140,987,50187
1881,1911,55.84,35,987,50187
1881,1911,56,141,987,50187
1881,1911,56.12,19,987,50187
1881,1911,56.22,10,987,50187
1881,1911,56.29,2,987,50187
1881,1911,56.45,62,987,50187
1881,1911,56.55,75,987,50187
1881,1911,56.68,8,987,50187
1881,1911,57.1,30,987,50187
1881,1911,57.11,13,987,50187
1881,1911,57.2,192,987,50187
1881,1911,57.22,40,987,50187
1881,1911,57.34,13,987,50187
1881,1911,57.41,22,987,50187
1881,1911,57.45,13,987,50187
1881,1911,57.47,2,987,50187
1881,1911,57.62,134,987,50187
1881,1911,57.63,5,987,50187
1881,1911,57.97,164,987,50187
1881,1911,58.09,4,987,50187
1881,1911,58.11,109,987,50187
1881,1911,58.13,238,987,50187
1881,1911,58.27,1,987,50187
1881,1911,58.29,6,987,50187
1881,1911,58.52,89,987,50187
1881,1911,58.68,715,987,50187
1881,1911,58.7,15,987,50187
1881,1911,59.27,189,987,50187
1881,1911,59.38,362,987,50187
1881,1911,59.77,23,987,50187
1881,1911,59.83,45,987,50187
1881,1911,59.88,475,987,50187
1881,1911,59.9,115,987,50187
1881,1911,60.22,13,987,50187
1881,1911,60.31,2416,987,50187
1881,1911,60.34,60,987,50187
1881,1911,60.56,113,987,50187
1881,1911,60.65,3,987,50187
1881,1911,60.75,9,987,50187
1881,1911,61.11,79,987,50187
1881,1911,61.88,25,987,50187
1881,1911,63.2,189,987,50187
1881,1911,64.56,275,987,50187
1881,1911,64.64,23,987,50187
1881,1911,64.83,19,987,50187
1881,1911,64.93,30,987,50187
1881,1911,65,111,987,50187
1881,1911,65.33,35,987,50187
1881,1911,65.43,3,987,50187
1881,1911,66,28,987,50187
1881,1911,66.01,6,987,50187
1881,1911,66.11,17,987,50187
1881,1911,66.41,92,987,50187
1881,1911,66.66,13,987,50187
1881,1911,66.81,35,987,50187
1881,1911,66.98,37,987,50187
1881,1911,67.66,12,987,50187
1881,1911,67.87,86,987,50187
1881,1911,69.31,80,987,50187
1881,1911,69.67,103,987,50187
1881,1911,69.73,9,987,50187
1881,1911,70.4,27,987,50187
1881,1911,71.37,10,987,50187
1881,1911,72.53,61,987,50187
1881,1911,72.62,363,987,50187
1881,1911,73.92,4,987,50187
1881,1911,74.11,68,987,50187
1881,1911,74.23,165,987,50187
1881,1911,74.44,36,987,50187
1881,1911,74.48,9,987,50187
1881,1911,74.63,18,987,50187
1881,1911,75.48,46,987,50187
1881,1911,76.18,16,987,50187
1881,1911,76.81,25,987,50187
1881,1911,77.77,36,987,50187
1881,1911,78.16,93,987,50187
1881,1911,78.76,3,987,50187
1881,1911,79.04,150,987,50187
1881,1911,79.41,28,987,50187
1881,1911,80.43,11,987,50187
1881,1911,82.19,1,987,50187
1881,1911,82.83,67,987,50187
1881,1911,83.25,30,987,50187
1881,1911,84.05,5,987,50187
1881,1911,84.08,94,987,50187
1881,1911,87.01,2,987,50187
1881,1911,87.68,19,987,50187
1881,1911,91.16,13,987,50187
1881,1911,91.54,32,987,50187
1881,1911,93.73,7,987,50187
1881,1911,99,30,987,50187
