first_year,second_year,occode_first_year,foreman_n,foreman_pct
1891,1901,787,6705,5.129087779690189
1891,1901,181,5199,3.9770510613884107
1891,1901,NA,4846,3.7070185503920445
1891,1901,119,4689,3.586919104991394
1891,1901,697,4310,3.2969975138649836
1891,1901,765,3306,2.5289730349971316
1891,1901,409,3010,2.3025435073627847
1891,1901,177,3008,2.301013578122012
1891,1901,551,2938,2.2474660546949705
1891,1901,663,2351,1.798431822528208
1891,1901,555,1931,1.477146681965959
1891,1901,131,1693,1.295085102314018
1891,1901,196,1329,1.0166379804934023
1891,1901,628,1241,0.9493210938994071
1891,1901,682,1223,0.9355517307324537
1891,1901,173,1175,0.8988334289539108
1891,1901,263,1116,0.8537005163511188
1891,1901,168,1111,0.8498756932491872
1891,1901,412,1092,0.8353413654618473
1891,1901,761,1080,0.8261617900172117
1891,1901,141,1073,0.8208070376745076
1891,1901,171,1057,0.8085676037483266
1891,1901,125,1046,0.8001529929240773
1891,1901,133,1020,0.7802639127940333
1891,1901,120,992,0.7588449034232166
1891,1901,121,923,0.7060623446165615
1891,1901,560,918,0.7022375215146299
1891,1901,723,858,0.6563396442914515
1891,1901,464,828,0.6333907056798623
1891,1901,691,827,0.632625741059476
1891,1901,549,800,0.6119716963090457
1891,1901,421,789,0.6035570854847964
1891,1901,84,788,0.60279212086441
1891,1901,713,784,0.5997322623828648
1891,1901,262,753,0.5760183591508893
1891,1901,405,745,0.5698986421877988
1891,1901,531,731,0.5591891375023905
1891,1901,124,727,0.5561292790208453
1891,1901,766,702,0.5370051635111877
1891,1901,414,697,0.5331803404092561
1891,1901,114,684,0.5232358003442341
1891,1901,175,673,0.5148211895199847
1891,1901,259,668,0.5109963664180531
1891,1901,536,623,0.47657295850066933
1891,1901,265,622,0.47580799388028305
1891,1901,572,615,0.4704532415375789
1891,1901,724,605,0.4628035953337158
1891,1901,653,588,0.4497991967871486
1891,1901,166,577,0.4413845859628992
1891,1901,709,571,0.43679479824058137
1891,1901,655,549,0.4199655765920826
1891,1901,185,546,0.41767068273092367
1891,1901,606,544,0.41614075349015106
1891,1901,686,526,0.4023713903231976
1891,1901,666,524,0.4008414610824249
1891,1901,607,522,0.3993115318416523
1891,1901,608,508,0.38860202715624403
1891,1901,759,490,0.3748326639892905
1891,1901,537,481,0.3679479824058137
1891,1901,202,469,0.35876840696117807
1891,1901,369,469,0.35876840696117807
1891,1901,717,461,0.35264868999808757
1891,1901,758,460,0.3518837253777013
1891,1901,11,459,0.35111876075731496
1891,1901,562,458,0.3503537961369287
1891,1901,132,456,0.3488238668961561
1891,1901,482,441,0.3373493975903614
1891,1901,139,439,0.3358194683495888
1891,1901,127,425,0.32510996366418055
1891,1901,279,421,0.3220501051826353
1891,1901,467,419,0.32052017594186266
1891,1901,198,417,0.31899024670109005
1891,1901,768,417,0.31899024670109005
1891,1901,2,400,0.30598584815452284
1891,1901,123,391,0.2991011665710461
1891,1901,235,385,0.29451137884872824
1891,1901,425,371,0.2838018741633199
1891,1901,275,365,0.2792120864410021
1891,1901,438,357,0.27309236947791166
1891,1901,224,355,0.27156244023713905
1891,1901,12,344,0.26314782941288967
1891,1901,253,327,0.25014343086632246
1891,1901,529,326,0.24937846624593613
1891,1901,374,325,0.24861350162554982
1891,1901,592,324,0.24784853700516352
1891,1901,519,317,0.24249378466245936
1891,1901,134,310,0.23713903231975522
1891,1901,52,307,0.23484413845859628
1891,1901,770,303,0.23178427997705106
1891,1901,548,301,0.23025435073627845
1891,1901,692,297,0.22719449225473323
1891,1901,711,296,0.2264295276343469
1891,1901,558,290,0.22183973991202907
1891,1901,654,290,0.22183973991202907
1891,1901,722,289,0.22107477529164277
1891,1901,677,286,0.21877988143048385
1891,1901,436,285,0.21801491681009752
1891,1901,87,284,0.21724995218971122
1891,1901,130,283,0.2164849875693249
1891,1901,571,279,0.2134251290877797
1891,1901,178,278,0.2126601644673934
1891,1901,179,273,0.20883534136546184
1891,1901,622,271,0.20730541212468923
1891,1901,687,271,0.20730541212468923
1891,1901,593,270,0.20654044750430292
1891,1901,708,270,0.20654044750430292
1891,1901,550,268,0.2050105182635303
1891,1901,657,264,0.2019506597819851
1891,1901,138,260,0.19889080130043985
1891,1901,183,255,0.19506597819850832
1891,1901,453,254,0.19430101357812202
1891,1901,365,253,0.1935360489577357
1891,1901,334,251,0.1920061197169631
1891,1901,20,248,0.18971122585580416
1891,1901,480,247,0.18894626123541786
1891,1901,662,239,0.18282654427232742
1891,1901,85,230,0.17594186268885065
1891,1901,542,228,0.17441193344807804
1891,1901,118,227,0.1736469688276917
1891,1901,40,227,0.1736469688276917
1891,1901,115,226,0.1728820042073054
1891,1901,13,224,0.1713520749665328
1891,1901,244,223,0.1705871103461465
1891,1901,680,218,0.16676228724421496
1891,1901,579,217,0.16599732262382866
1891,1901,105,212,0.1621724995218971
1891,1901,272,206,0.15758271179957928
1891,1901,543,203,0.15528781793842034
1891,1901,699,202,0.15452285331803403
1891,1901,769,200,0.15299292407726142
1891,1901,510,199,0.15222795945687512
1891,1901,294,197,0.1506980302161025
1891,1901,290,195,0.1491681009753299
1891,1901,157,193,0.1476381717345573
1891,1901,457,190,0.14534327787339835
1891,1901,698,190,0.14534327787339835
1891,1901,348,187,0.14304838401223943
1891,1901,561,184,0.14075349015108052
1891,1901,498,183,0.1399885255306942
1891,1901,283,181,0.1384585962899216
1891,1901,651,179,0.13692866704914897
1891,1901,461,177,0.13539873780837636
1891,1901,14,176,0.13463377318799005
1891,1901,170,176,0.13463377318799005
1891,1901,413,173,0.13233887932683114
1891,1901,267,172,0.13157391470644483
1891,1901,462,169,0.12927902084528592
1891,1901,719,168,0.1285140562248996
1891,1901,771,168,0.1285140562248996
1891,1901,112,166,0.12698412698412698
1891,1901,128,165,0.12621916236374067
1891,1901,451,160,0.12239433926180913
1891,1901,257,159,0.12162937464142283
1891,1901,778,158,0.12086441002103653
1891,1901,242,157,0.12009944540065022
1891,1901,440,157,0.12009944540065022
1891,1901,286,150,0.11474469305794607
1891,1901,366,148,0.11321476381717345
1891,1901,470,147,0.11244979919678715
1891,1901,707,147,0.11244979919678715
1891,1901,329,146,0.11168483457640084
1891,1901,360,146,0.11168483457640084
1891,1901,459,145,0.11091986995601454
1891,1901,559,145,0.11091986995601454
1891,1901,627,145,0.11091986995601454
1891,1901,685,145,0.11091986995601454
1891,1901,426,144,0.11015490533562823
1891,1901,507,143,0.10938994071524193
1891,1901,269,142,0.10862497609485561
1891,1901,318,142,0.10862497609485561
1891,1901,116,141,0.1078600114744693
1891,1901,162,138,0.10556511761331039
1891,1901,429,138,0.10556511761331039
1891,1901,64,138,0.10556511761331039
1891,1901,714,138,0.10556511761331039
1891,1901,180,137,0.10480015299292408
1891,1901,111,136,0.10403518837253777
1891,1901,596,135,0.10327022375215146
1891,1901,241,133,0.10174029451137885
1891,1901,382,133,0.10174029451137885
1891,1901,386,133,0.10174029451137885
1891,1901,539,131,0.10021036527060623
1891,1901,574,128,0.09791547140944731
1891,1901,716,128,0.09791547140944731
1891,1901,113,126,0.0963855421686747
1891,1901,362,126,0.0963855421686747
1891,1901,381,126,0.0963855421686747
1891,1901,260,125,0.09562057754828839
1891,1901,158,124,0.09485561292790208
1891,1901,143,122,0.09332568368712947
1891,1901,706,121,0.09256071906674317
1891,1901,27,120,0.09179575444635686
1891,1901,506,120,0.09179575444635686
1891,1901,576,120,0.09179575444635686
1891,1901,6,119,0.09103078982597054
1891,1901,659,114,0.08720596672403902
1891,1901,1,113,0.0864410021036527
1891,1901,616,113,0.0864410021036527
1891,1901,3,111,0.08491107286288009
1891,1901,509,111,0.08491107286288009
1891,1901,378,107,0.08185121438133486
1891,1901,321,105,0.08032128514056225
1891,1901,557,105,0.08032128514056225
1891,1901,258,104,0.07955632052017594
1891,1901,455,103,0.07879135589978964
1891,1901,791,103,0.07879135589978964
1891,1901,432,102,0.07802639127940333
1891,1901,512,102,0.07802639127940333
1891,1901,292,101,0.07726142665901702
1891,1901,91,101,0.07726142665901702
1891,1901,643,98,0.0749665327978581
1891,1901,999,98,0.0749665327978581
1891,1901,200,97,0.0742015681774718
1891,1901,207,97,0.0742015681774718
1891,1901,533,97,0.0742015681774718
1891,1901,613,97,0.0742015681774718
1891,1901,331,96,0.07343660355708548
1891,1901,129,95,0.07267163893669917
1891,1901,277,95,0.07267163893669917
1891,1901,668,94,0.07190667431631287
1891,1901,172,92,0.07037674507554026
1891,1901,568,92,0.07037674507554026
1891,1901,313,91,0.06961178045515395
1891,1901,343,91,0.06961178045515395
1891,1901,762,91,0.06961178045515395
1891,1901,630,89,0.06808185121438133
1891,1901,785,89,0.06808185121438133
1891,1901,452,88,0.06731688659399503
1891,1901,485,88,0.06731688659399503
1891,1901,417,87,0.06655192197360872
1891,1901,489,87,0.06655192197360872
1891,1901,650,87,0.06655192197360872
1891,1901,484,86,0.06578695735322242
1891,1901,76,86,0.06578695735322242
1891,1901,4,85,0.06502199273283611
1891,1901,638,85,0.06502199273283611
1891,1901,79,85,0.06502199273283611
1891,1901,37,84,0.0642570281124498
1891,1901,301,82,0.06272709887167718
1891,1901,516,82,0.06272709887167718
1891,1901,326,81,0.06196213425129088
1891,1901,712,81,0.06196213425129088
1891,1901,552,80,0.06119716963090457
1891,1901,760,80,0.06119716963090457
1891,1901,194,79,0.06043220501051826
1891,1901,182,77,0.058902275769745646
1891,1901,359,76,0.05813731114935934
1891,1901,465,76,0.05813731114935934
1891,1901,750,76,0.05813731114935934
1891,1901,75,75,0.05737234652897304
1891,1901,289,74,0.056607381908586725
1891,1901,456,74,0.056607381908586725
1891,1901,566,74,0.056607381908586725
1891,1901,584,74,0.056607381908586725
1891,1901,88,74,0.056607381908586725
1891,1901,184,73,0.05584241728820042
1891,1901,370,73,0.05584241728820042
1891,1901,372,73,0.05584241728820042
1891,1901,435,73,0.05584241728820042
1891,1901,658,73,0.05584241728820042
1891,1901,487,72,0.055077452667814115
1891,1901,547,72,0.055077452667814115
1891,1901,266,71,0.054312488047427804
1891,1901,473,71,0.054312488047427804
1891,1901,54,71,0.054312488047427804
1891,1901,345,70,0.0535475234270415
1891,1901,56,70,0.0535475234270415
1891,1901,90,70,0.0535475234270415
1891,1901,159,69,0.052782558806655194
1891,1901,160,69,0.052782558806655194
1891,1901,246,69,0.052782558806655194
1891,1901,230,68,0.05201759418626888
1891,1901,439,68,0.05201759418626888
1891,1901,97,68,0.05201759418626888
1891,1901,15,67,0.05125262956588258
1891,1901,8,67,0.05125262956588258
1891,1901,647,66,0.05048766494549627
1891,1901,165,65,0.04972270032510996
1891,1901,393,65,0.04972270032510996
1891,1901,437,65,0.04972270032510996
1891,1901,620,64,0.04895773570472366
1891,1901,443,63,0.04819277108433735
1891,1901,508,63,0.04819277108433735
1891,1901,226,62,0.04742780646395104
1891,1901,60,61,0.046662841843564735
1891,1901,695,61,0.046662841843564735
1891,1901,767,61,0.046662841843564735
1891,1901,101,60,0.04589787722317843
1891,1901,280,60,0.04589787722317843
1891,1901,284,60,0.04589787722317843
1891,1901,565,60,0.04589787722317843
1891,1901,167,59,0.04513291260279212
1891,1901,556,59,0.04513291260279212
1891,1901,727,59,0.04513291260279212
1891,1901,135,58,0.044367947982405814
1891,1901,625,58,0.044367947982405814
1891,1901,211,57,0.04360298336201951
1891,1901,469,57,0.04360298336201951
1891,1901,522,57,0.04360298336201951
1891,1901,55,57,0.04360298336201951
1891,1901,66,57,0.04360298336201951
1891,1901,665,57,0.04360298336201951
1891,1901,214,55,0.04207305412124689
1891,1901,354,55,0.04207305412124689
1891,1901,583,54,0.04130808950086059
1891,1901,106,53,0.04054312488047428
1891,1901,142,51,0.03901319563970167
1891,1901,203,51,0.03901319563970167
1891,1901,287,51,0.03901319563970167
1891,1901,415,51,0.03901319563970167
1891,1901,474,51,0.03901319563970167
1891,1901,271,50,0.038248231019315355
1891,1901,764,50,0.038248231019315355
1891,1901,81,50,0.038248231019315355
1891,1901,204,49,0.03748326639892905
1891,1901,270,49,0.03748326639892905
1891,1901,176,48,0.03671830177854274
1891,1901,229,48,0.03671830177854274
1891,1901,306,48,0.03671830177854274
1891,1901,41,48,0.03671830177854274
1891,1901,646,48,0.03671830177854274
1891,1901,93,48,0.03671830177854274
1891,1901,278,47,0.035953337158156434
1891,1901,349,47,0.035953337158156434
1891,1901,389,47,0.035953337158156434
1891,1901,468,47,0.035953337158156434
1891,1901,679,47,0.035953337158156434
1891,1901,447,46,0.03518837253777013
1891,1901,573,46,0.03518837253777013
1891,1901,580,46,0.03518837253777013
1891,1901,594,46,0.03518837253777013
1891,1901,63,46,0.03518837253777013
1891,1901,631,46,0.03518837253777013
1891,1901,632,46,0.03518837253777013
1891,1901,661,46,0.03518837253777013
1891,1901,690,46,0.03518837253777013
1891,1901,24,45,0.03442340791738382
1891,1901,268,45,0.03442340791738382
1891,1901,34,45,0.03442340791738382
1891,1901,407,45,0.03442340791738382
1891,1901,466,45,0.03442340791738382
1891,1901,479,45,0.03442340791738382
1891,1901,598,45,0.03442340791738382
1891,1901,649,45,0.03442340791738382
1891,1901,715,45,0.03442340791738382
1891,1901,744,45,0.03442340791738382
1891,1901,274,44,0.03365844329699751
1891,1901,481,44,0.03365844329699751
1891,1901,501,44,0.03365844329699751
1891,1901,546,44,0.03365844329699751
1891,1901,623,44,0.03365844329699751
1891,1901,152,43,0.03289347867661121
1891,1901,416,43,0.03289347867661121
1891,1901,597,43,0.03289347867661121
1891,1901,619,43,0.03289347867661121
1891,1901,721,43,0.03289347867661121
1891,1901,77,43,0.03289347867661121
1891,1901,94,43,0.03289347867661121
1891,1901,273,42,0.0321285140562249
1891,1901,526,42,0.0321285140562249
1891,1901,611,42,0.0321285140562249
1891,1901,72,42,0.0321285140562249
1891,1901,725,42,0.0321285140562249
1891,1901,163,41,0.03136354943583859
1891,1901,317,41,0.03136354943583859
1891,1901,46,41,0.03136354943583859
1891,1901,47,40,0.030598584815452284
1891,1901,169,39,0.02983362019506598
1891,1901,340,39,0.02983362019506598
1891,1901,502,39,0.02983362019506598
1891,1901,544,39,0.02983362019506598
1891,1901,578,39,0.02983362019506598
1891,1901,599,39,0.02983362019506598
1891,1901,618,39,0.02983362019506598
1891,1901,640,39,0.02983362019506598
1891,1901,73,39,0.02983362019506598
1891,1901,731,39,0.02983362019506598
1891,1901,205,38,0.02906865557467967
1891,1901,219,38,0.02906865557467967
1891,1901,476,38,0.02906865557467967
1891,1901,751,38,0.02906865557467967
1891,1901,154,37,0.028303690954293362
1891,1901,309,37,0.028303690954293362
1891,1901,311,37,0.028303690954293362
1891,1901,319,37,0.028303690954293362
1891,1901,478,37,0.028303690954293362
1891,1901,126,36,0.027538726333907058
1891,1901,148,36,0.027538726333907058
1891,1901,201,36,0.027538726333907058
1891,1901,483,36,0.027538726333907058
1891,1901,488,36,0.027538726333907058
1891,1901,634,36,0.027538726333907058
1891,1901,689,36,0.027538726333907058
1891,1901,137,35,0.02677376171352075
1891,1901,145,35,0.02677376171352075
1891,1901,21,35,0.02677376171352075
1891,1901,248,35,0.02677376171352075
1891,1901,293,35,0.02677376171352075
1891,1901,458,35,0.02677376171352075
1891,1901,520,35,0.02677376171352075
1891,1901,781,35,0.02677376171352075
1891,1901,136,34,0.02600879709313444
1891,1901,164,34,0.02600879709313444
1891,1901,186,34,0.02600879709313444
1891,1901,247,34,0.02600879709313444
1891,1901,610,34,0.02600879709313444
1891,1901,282,33,0.025243832472748137
1891,1901,39,33,0.025243832472748137
1891,1901,446,33,0.025243832472748137
1891,1901,497,33,0.025243832472748137
1891,1901,756,33,0.025243832472748137
1891,1901,102,32,0.02447886785236183
1891,1901,216,32,0.02447886785236183
1891,1901,42,32,0.02447886785236183
1891,1901,420,32,0.02447886785236183
1891,1901,605,32,0.02447886785236183
1891,1901,70,32,0.02447886785236183
1891,1901,254,31,0.02371390323197552
1891,1901,35,31,0.02371390323197552
1891,1901,684,31,0.02371390323197552
1891,1901,730,31,0.02371390323197552
1891,1901,117,30,0.022948938611589215
1891,1901,147,30,0.022948938611589215
1891,1901,261,30,0.022948938611589215
1891,1901,339,30,0.022948938611589215
1891,1901,410,30,0.022948938611589215
1891,1901,434,30,0.022948938611589215
1891,1901,500,30,0.022948938611589215
1891,1901,669,30,0.022948938611589215
1891,1901,225,29,0.022183973991202907
1891,1901,296,29,0.022183973991202907
1891,1901,302,29,0.022183973991202907
1891,1901,315,29,0.022183973991202907
1891,1901,477,29,0.022183973991202907
1891,1901,57,29,0.022183973991202907
1891,1901,591,29,0.022183973991202907
1891,1901,107,28,0.0214190093708166
1891,1901,209,28,0.0214190093708166
1891,1901,387,28,0.0214190093708166
1891,1901,428,28,0.0214190093708166
1891,1901,62,28,0.0214190093708166
1891,1901,694,28,0.0214190093708166
1891,1901,9,28,0.0214190093708166
1891,1901,153,27,0.020654044750430294
1891,1901,314,27,0.020654044750430294
1891,1901,397,27,0.020654044750430294
1891,1901,505,27,0.020654044750430294
1891,1901,681,27,0.020654044750430294
1891,1901,150,26,0.019889080130043986
1891,1901,16,26,0.019889080130043986
1891,1901,347,26,0.019889080130043986
1891,1901,444,26,0.019889080130043986
1891,1901,564,26,0.019889080130043986
1891,1901,788,26,0.019889080130043986
1891,1901,98,26,0.019889080130043986
1891,1901,352,25,0.019124115509657678
1891,1901,726,25,0.019124115509657678
1891,1901,733,25,0.019124115509657678
1891,1901,475,24,0.01835915088927137
1891,1901,530,24,0.01835915088927137
1891,1901,614,24,0.01835915088927137
1891,1901,693,24,0.01835915088927137
1891,1901,728,24,0.01835915088927137
1891,1901,95,24,0.01835915088927137
1891,1901,307,23,0.017594186268885065
1891,1901,308,23,0.017594186268885065
1891,1901,463,23,0.017594186268885065
1891,1901,486,23,0.017594186268885065
1891,1901,525,23,0.017594186268885065
1891,1901,710,23,0.017594186268885065
1891,1901,144,22,0.016829221648498757
1891,1901,210,22,0.016829221648498757
1891,1901,237,22,0.016829221648498757
1891,1901,295,22,0.016829221648498757
1891,1901,316,22,0.016829221648498757
1891,1901,398,22,0.016829221648498757
1891,1901,454,22,0.016829221648498757
1891,1901,527,22,0.016829221648498757
1891,1901,243,21,0.01606425702811245
1891,1901,297,21,0.01606425702811245
1891,1901,300,21,0.01606425702811245
1891,1901,357,21,0.01606425702811245
1891,1901,379,21,0.01606425702811245
1891,1901,65,21,0.01606425702811245
1891,1901,678,21,0.01606425702811245
1891,1901,122,20,0.015299292407726142
1891,1901,22,20,0.015299292407726142
1891,1901,356,20,0.015299292407726142
1891,1901,441,20,0.015299292407726142
1891,1901,511,20,0.015299292407726142
1891,1901,617,20,0.015299292407726142
1891,1901,660,20,0.015299292407726142
1891,1901,683,20,0.015299292407726142
1891,1901,783,20,0.015299292407726142
1891,1901,104,19,0.014534327787339835
1891,1901,151,19,0.014534327787339835
1891,1901,305,19,0.014534327787339835
1891,1901,33,19,0.014534327787339835
1891,1901,336,19,0.014534327787339835
1891,1901,392,19,0.014534327787339835
1891,1901,496,19,0.014534327787339835
1891,1901,538,19,0.014534327787339835
1891,1901,720,19,0.014534327787339835
1891,1901,786,19,0.014534327787339835
1891,1901,108,18,0.013769363166953529
1891,1901,109,18,0.013769363166953529
1891,1901,17,18,0.013769363166953529
1891,1901,298,18,0.013769363166953529
1891,1901,367,18,0.013769363166953529
1891,1901,61,18,0.013769363166953529
1891,1901,743,18,0.013769363166953529
1891,1901,255,17,0.01300439854656722
1891,1901,276,17,0.01300439854656722
1891,1901,327,17,0.01300439854656722
1891,1901,368,17,0.01300439854656722
1891,1901,380,17,0.01300439854656722
1891,1901,385,17,0.01300439854656722
1891,1901,449,17,0.01300439854656722
1891,1901,450,17,0.01300439854656722
1891,1901,49,17,0.01300439854656722
1891,1901,490,17,0.01300439854656722
1891,1901,648,17,0.01300439854656722
1891,1901,742,17,0.01300439854656722
1891,1901,772,17,0.01300439854656722
1891,1901,773,17,0.01300439854656722
1891,1901,797,17,0.01300439854656722
1891,1901,82,17,0.01300439854656722
1891,1901,103,16,0.012239433926180914
1891,1901,110,16,0.012239433926180914
1891,1901,251,16,0.012239433926180914
1891,1901,264,16,0.012239433926180914
1891,1901,312,16,0.012239433926180914
1891,1901,422,16,0.012239433926180914
1891,1901,424,16,0.012239433926180914
1891,1901,524,16,0.012239433926180914
1891,1901,53,16,0.012239433926180914
1891,1901,585,16,0.012239433926180914
1891,1901,626,16,0.012239433926180914
1891,1901,670,16,0.012239433926180914
1891,1901,69,16,0.012239433926180914
1891,1901,700,16,0.012239433926180914
1891,1901,146,15,0.011474469305794608
1891,1901,188,15,0.011474469305794608
1891,1901,190,15,0.011474469305794608
1891,1901,442,15,0.011474469305794608
1891,1901,78,15,0.011474469305794608
1891,1901,784,15,0.011474469305794608
1891,1901,80,15,0.011474469305794608
1891,1901,249,14,0.0107095046854083
1891,1901,299,14,0.0107095046854083
1891,1901,433,14,0.0107095046854083
1891,1901,534,14,0.0107095046854083
1891,1901,601,14,0.0107095046854083
1891,1901,612,14,0.0107095046854083
1891,1901,656,14,0.0107095046854083
1891,1901,734,14,0.0107095046854083
1891,1901,757,14,0.0107095046854083
1891,1901,281,13,0.009944540065021993
1891,1901,337,13,0.009944540065021993
1891,1901,400,13,0.009944540065021993
1891,1901,703,13,0.009944540065021993
1891,1901,739,13,0.009944540065021993
1891,1901,741,13,0.009944540065021993
1891,1901,28,12,0.009179575444635685
1891,1901,303,12,0.009179575444635685
1891,1901,333,12,0.009179575444635685
1891,1901,43,12,0.009179575444635685
1891,1901,528,12,0.009179575444635685
1891,1901,563,12,0.009179575444635685
1891,1901,58,12,0.009179575444635685
1891,1901,595,12,0.009179575444635685
1891,1901,604,12,0.009179575444635685
1891,1901,67,12,0.009179575444635685
1891,1901,227,11,0.008414610824249378
1891,1901,48,11,0.008414610824249378
1891,1901,545,11,0.008414610824249378
1891,1901,59,11,0.008414610824249378
1891,1901,664,11,0.008414610824249378
1891,1901,701,11,0.008414610824249378
1891,1901,745,11,0.008414610824249378
1891,1901,747,11,0.008414610824249378
1891,1901,774,11,0.008414610824249378
1891,1901,775,11,0.008414610824249378
1891,1901,161,10,0.007649646203863071
1891,1901,174,10,0.007649646203863071
1891,1901,232,10,0.007649646203863071
1891,1901,330,10,0.007649646203863071
1891,1901,363,10,0.007649646203863071
1891,1901,377,10,0.007649646203863071
1891,1901,388,10,0.007649646203863071
1891,1901,399,10,0.007649646203863071
1891,1901,401,10,0.007649646203863071
1891,1901,44,10,0.007649646203863071
1891,1901,492,10,0.007649646203863071
1891,1901,515,10,0.007649646203863071
1891,1901,587,10,0.007649646203863071
1891,1901,602,10,0.007649646203863071
1891,1901,671,10,0.007649646203863071
1891,1901,704,10,0.007649646203863071
1891,1901,588,9,0.0068846815834767644
1891,1901,624,9,0.0068846815834767644
1891,1901,635,9,0.0068846815834767644
1891,1901,673,9,0.0068846815834767644
1891,1901,696,9,0.0068846815834767644
1891,1901,10,8,0.006119716963090457
1891,1901,100,8,0.006119716963090457
1891,1901,208,8,0.006119716963090457
1891,1901,323,8,0.006119716963090457
1891,1901,355,8,0.006119716963090457
1891,1901,384,8,0.006119716963090457
1891,1901,395,8,0.006119716963090457
1891,1901,411,8,0.006119716963090457
1891,1901,430,8,0.006119716963090457
1891,1901,471,8,0.006119716963090457
1891,1901,491,8,0.006119716963090457
1891,1901,499,8,0.006119716963090457
1891,1901,5,8,0.006119716963090457
1891,1901,540,8,0.006119716963090457
1891,1901,553,8,0.006119716963090457
1891,1901,569,8,0.006119716963090457
1891,1901,586,8,0.006119716963090457
1891,1901,737,8,0.006119716963090457
1891,1901,780,8,0.006119716963090457
1891,1901,19,7,0.00535475234270415
1891,1901,206,7,0.00535475234270415
1891,1901,228,7,0.00535475234270415
1891,1901,245,7,0.00535475234270415
1891,1901,252,7,0.00535475234270415
1891,1901,30,7,0.00535475234270415
1891,1901,310,7,0.00535475234270415
1891,1901,342,7,0.00535475234270415
1891,1901,350,7,0.00535475234270415
1891,1901,383,7,0.00535475234270415
1891,1901,390,7,0.00535475234270415
1891,1901,394,7,0.00535475234270415
1891,1901,503,7,0.00535475234270415
1891,1901,645,7,0.00535475234270415
1891,1901,652,7,0.00535475234270415
1891,1901,755,7,0.00535475234270415
1891,1901,776,7,0.00535475234270415
1891,1901,796,7,0.00535475234270415
1891,1901,89,7,0.00535475234270415
1891,1901,193,6,0.004589787722317842
1891,1901,233,6,0.004589787722317842
1891,1901,250,6,0.004589787722317842
1891,1901,291,6,0.004589787722317842
1891,1901,406,6,0.004589787722317842
1891,1901,514,6,0.004589787722317842
1891,1901,554,6,0.004589787722317842
1891,1901,575,6,0.004589787722317842
1891,1901,589,6,0.004589787722317842
1891,1901,633,6,0.004589787722317842
1891,1901,667,6,0.004589787722317842
1891,1901,675,6,0.004589787722317842
1891,1901,71,6,0.004589787722317842
1891,1901,740,6,0.004589787722317842
1891,1901,749,6,0.004589787722317842
1891,1901,83,6,0.004589787722317842
1891,1901,187,5,0.0038248231019315355
1891,1901,199,5,0.0038248231019315355
1891,1901,220,5,0.0038248231019315355
1891,1901,25,5,0.0038248231019315355
1891,1901,320,5,0.0038248231019315355
1891,1901,376,5,0.0038248231019315355
1891,1901,427,5,0.0038248231019315355
1891,1901,472,5,0.0038248231019315355
1891,1901,494,5,0.0038248231019315355
1891,1901,513,5,0.0038248231019315355
1891,1901,521,5,0.0038248231019315355
1891,1901,532,5,0.0038248231019315355
1891,1901,535,5,0.0038248231019315355
1891,1901,581,5,0.0038248231019315355
1891,1901,641,5,0.0038248231019315355
1891,1901,644,5,0.0038248231019315355
1891,1901,674,5,0.0038248231019315355
1891,1901,676,5,0.0038248231019315355
1891,1901,779,5,0.0038248231019315355
1891,1901,782,5,0.0038248231019315355
1891,1901,99,5,0.0038248231019315355
1891,1901,156,4,0.0030598584815452285
1891,1901,285,4,0.0030598584815452285
1891,1901,344,4,0.0030598584815452285
1891,1901,418,4,0.0030598584815452285
1891,1901,419,4,0.0030598584815452285
1891,1901,51,4,0.0030598584815452285
1891,1901,577,4,0.0030598584815452285
1891,1901,603,4,0.0030598584815452285
1891,1901,615,4,0.0030598584815452285
1891,1901,736,4,0.0030598584815452285
1891,1901,789,4,0.0030598584815452285
1891,1901,140,3,0.002294893861158921
1891,1901,18,3,0.002294893861158921
1891,1901,195,3,0.002294893861158921
1891,1901,218,3,0.002294893861158921
1891,1901,238,3,0.002294893861158921
1891,1901,239,3,0.002294893861158921
1891,1901,324,3,0.002294893861158921
1891,1901,325,3,0.002294893861158921
1891,1901,358,3,0.002294893861158921
1891,1901,36,3,0.002294893861158921
1891,1901,364,3,0.002294893861158921
1891,1901,396,3,0.002294893861158921
1891,1901,404,3,0.002294893861158921
1891,1901,423,3,0.002294893861158921
1891,1901,445,3,0.002294893861158921
1891,1901,45,3,0.002294893861158921
1891,1901,517,3,0.002294893861158921
1891,1901,567,3,0.002294893861158921
1891,1901,639,3,0.002294893861158921
1891,1901,735,3,0.002294893861158921
1891,1901,746,3,0.002294893861158921
1891,1901,763,3,0.002294893861158921
1891,1901,777,3,0.002294893861158921
1891,1901,795,3,0.002294893861158921
1891,1901,155,2,0.0015299292407726143
1891,1901,191,2,0.0015299292407726143
1891,1901,221,2,0.0015299292407726143
1891,1901,351,2,0.0015299292407726143
1891,1901,50,2,0.0015299292407726143
1891,1901,541,2,0.0015299292407726143
1891,1901,570,2,0.0015299292407726143
1891,1901,582,2,0.0015299292407726143
1891,1901,7,2,0.0015299292407726143
1891,1901,718,2,0.0015299292407726143
1891,1901,212,1,7.649646203863071e-4
1891,1901,217,1,7.649646203863071e-4
1891,1901,231,1,7.649646203863071e-4
1891,1901,236,1,7.649646203863071e-4
1891,1901,29,1,7.649646203863071e-4
1891,1901,32,1,7.649646203863071e-4
1891,1901,338,1,7.649646203863071e-4
1891,1901,346,1,7.649646203863071e-4
1891,1901,361,1,7.649646203863071e-4
1891,1901,38,1,7.649646203863071e-4
1891,1901,403,1,7.649646203863071e-4
1891,1901,408,1,7.649646203863071e-4
1891,1901,448,1,7.649646203863071e-4
1891,1901,493,1,7.649646203863071e-4
1891,1901,600,1,7.649646203863071e-4
1891,1901,636,1,7.649646203863071e-4
1891,1901,637,1,7.649646203863071e-4
1891,1901,68,1,7.649646203863071e-4
1891,1901,688,1,7.649646203863071e-4
1891,1901,702,1,7.649646203863071e-4
1891,1901,705,1,7.649646203863071e-4
1891,1901,748,1,7.649646203863071e-4
1891,1901,752,1,7.649646203863071e-4
1891,1901,753,1,7.649646203863071e-4
1891,1901,794,1,7.649646203863071e-4
