baseline_year,endpoint_year,father_occode,foreman_sons_n,foreman_sons_pct
1851,1881,181,2004,13.960292580982236
1851,1881,173,1343,9.355625217694183
1851,1881,663,463,3.2253570184604667
1851,1881,765,415,2.8909787530477185
1851,1881,551,364,2.5357018460466736
1851,1881,409,359,2.5008707767328455
1851,1881,606,308,2.1455938697318007
1851,1881,653,254,1.769418321142459
1851,1881,558,238,1.6579588993382097
1851,1881,262,177,1.233019853709509
1851,1881,713,164,1.1424590734935562
1851,1881,196,155,1.079763148728666
1851,1881,549,149,1.0379658655520725
1851,1881,414,145,1.0101010101010102
1851,1881,697,145,1.0101010101010102
1851,1881,562,143,0.9961685823754789
1851,1881,185,131,0.9125740160222919
1851,1881,561,126,0.877742946708464
1851,1881,84,116,0.8080808080808081
1851,1881,682,115,0.8011145942180425
1851,1881,141,111,0.7732497387669801
1851,1881,550,108,0.7523510971786834
1851,1881,412,106,0.7384186694531523
1851,1881,576,97,0.6757227446882619
1851,1881,655,95,0.6617903169627307
1851,1881,177,94,0.6548241030999652
1851,1881,119,88,0.6130268199233716
1851,1881,105,86,0.5990943921978404
1851,1881,766,86,0.5990943921978404
1851,1881,691,85,0.5921281783350749
1851,1881,555,79,0.5503308951584813
1851,1881,464,78,0.5433646812957158
1851,1881,778,74,0.5154998258446535
1851,1881,686,73,0.5085336119818878
1851,1881,788,68,0.4737025426680599
1851,1881,714,67,0.4667363288052943
1851,1881,52,66,0.45977011494252873
1851,1881,224,65,0.45280390107976315
1851,1881,608,63,0.438871473354232
1851,1881,761,63,0.438871473354232
1851,1881,592,59,0.4110066179031696
1851,1881,171,58,0.40404040404040403
1851,1881,768,58,0.40404040404040403
1851,1881,421,56,0.3901079763148729
1851,1881,139,55,0.3831417624521073
1851,1881,453,55,0.3831417624521073
1851,1881,789,55,0.3831417624521073
1851,1881,607,53,0.36920933472657613
1851,1881,797,53,0.36920933472657613
1851,1881,168,52,0.3622431208638105
1851,1881,235,52,0.3622431208638105
1851,1881,596,52,0.3622431208638105
1851,1881,157,51,0.3552769070010449
1851,1881,467,51,0.3552769070010449
1851,1881,572,51,0.3552769070010449
1851,1881,132,50,0.34831069313827934
1851,1881,259,49,0.34134447927551376
1851,1881,405,48,0.3343782654127482
1851,1881,548,47,0.3274120515499826
1851,1881,559,46,0.320445837687217
1851,1881,438,45,0.31347962382445144
1851,1881,104,43,0.2995471960989202
1851,1881,366,43,0.2995471960989202
1851,1881,758,42,0.29258098223615464
1851,1881,622,41,0.28561476837338906
1851,1881,557,40,0.2786485545106235
1851,1881,365,39,0.2716823406478579
1851,1881,11,38,0.2647161267850923
1851,1881,279,38,0.2647161267850923
1851,1881,258,36,0.2507836990595611
1851,1881,294,36,0.2507836990595611
1851,1881,425,36,0.2507836990595611
1851,1881,510,36,0.2507836990595611
1851,1881,709,36,0.2507836990595611
1851,1881,593,35,0.24381748519679555
1851,1881,628,35,0.24381748519679555
1851,1881,708,35,0.24381748519679555
1851,1881,125,34,0.23685127133402994
1851,1881,537,34,0.23685127133402994
1851,1881,178,33,0.22988505747126436
1851,1881,457,33,0.22988505747126436
1851,1881,506,33,0.22988505747126436
1851,1881,536,33,0.22988505747126436
1851,1881,571,33,0.22988505747126436
1851,1881,692,33,0.22988505747126436
1851,1881,790,33,0.22988505747126436
1851,1881,88,33,0.22988505747126436
1851,1881,198,32,0.22291884360849878
1851,1881,651,32,0.22291884360849878
1851,1881,698,32,0.22291884360849878
1851,1881,343,31,0.2159526297457332
1851,1881,770,31,0.2159526297457332
1851,1881,162,30,0.2089864158829676
1851,1881,37,30,0.2089864158829676
1851,1881,584,30,0.2089864158829676
1851,1881,138,29,0.20202020202020202
1851,1881,616,29,0.20202020202020202
1851,1881,133,27,0.18808777429467086
1851,1881,657,27,0.18808777429467086
1851,1881,182,26,0.18112156043190525
1851,1881,305,26,0.18112156043190525
1851,1881,507,26,0.18112156043190525
1851,1881,210,25,0.17415534656913967
1851,1881,292,25,0.17415534656913967
1851,1881,348,25,0.17415534656913967
1851,1881,627,25,0.17415534656913967
1851,1881,519,24,0.1671891327063741
1851,1881,580,24,0.1671891327063741
1851,1881,668,24,0.1671891327063741
1851,1881,166,23,0.1602229188436085
1851,1881,369,23,0.1602229188436085
1851,1881,560,23,0.1602229188436085
1851,1881,687,23,0.1602229188436085
1851,1881,386,22,0.1532567049808429
1851,1881,40,22,0.1532567049808429
1851,1881,415,22,0.1532567049808429
1851,1881,447,22,0.1532567049808429
1851,1881,509,22,0.1532567049808429
1851,1881,263,21,0.14629049111807732
1851,1881,566,21,0.14629049111807732
1851,1881,677,21,0.14629049111807732
1851,1881,712,21,0.14629049111807732
1851,1881,723,21,0.14629049111807732
1851,1881,574,20,0.13932427725531174
1851,1881,211,19,0.13235806339254616
1851,1881,260,19,0.13235806339254616
1851,1881,437,19,0.13235806339254616
1851,1881,455,19,0.13235806339254616
1851,1881,6,19,0.13235806339254616
1851,1881,659,19,0.13235806339254616
1851,1881,280,18,0.12539184952978055
1851,1881,33,18,0.12539184952978055
1851,1881,413,18,0.12539184952978055
1851,1881,605,18,0.12539184952978055
1851,1881,613,18,0.12539184952978055
1851,1881,685,18,0.12539184952978055
1851,1881,116,17,0.11842563566701497
1851,1881,121,17,0.11842563566701497
1851,1881,3,17,0.11842563566701497
1851,1881,462,17,0.11842563566701497
1851,1881,630,17,0.11842563566701497
1851,1881,680,17,0.11842563566701497
1851,1881,751,17,0.11842563566701497
1851,1881,131,16,0.11145942180424939
1851,1881,14,16,0.11145942180424939
1851,1881,170,16,0.11145942180424939
1851,1881,207,16,0.11145942180424939
1851,1881,242,16,0.11145942180424939
1851,1881,275,16,0.11145942180424939
1851,1881,577,16,0.11145942180424939
1851,1881,112,15,0.1044932079414838
1851,1881,114,15,0.1044932079414838
1851,1881,12,15,0.1044932079414838
1851,1881,290,15,0.1044932079414838
1851,1881,321,15,0.1044932079414838
1851,1881,564,15,0.1044932079414838
1851,1881,573,15,0.1044932079414838
1851,1881,999,15,0.1044932079414838
1851,1881,115,14,0.09752699407871822
1851,1881,179,14,0.09752699407871822
1851,1881,194,14,0.09752699407871822
1851,1881,28,14,0.09752699407871822
1851,1881,482,14,0.09752699407871822
1851,1881,512,14,0.09752699407871822
1851,1881,760,14,0.09752699407871822
1851,1881,772,14,0.09752699407871822
1851,1881,87,14,0.09752699407871822
1851,1881,91,14,0.09752699407871822
1851,1881,160,13,0.09056078021595262
1851,1881,174,13,0.09056078021595262
1851,1881,184,13,0.09056078021595262
1851,1881,202,13,0.09056078021595262
1851,1881,277,13,0.09056078021595262
1851,1881,42,13,0.09056078021595262
1851,1881,436,13,0.09056078021595262
1851,1881,486,13,0.09056078021595262
1851,1881,620,13,0.09056078021595262
1851,1881,775,13,0.09056078021595262
1851,1881,13,12,0.08359456635318704
1851,1881,27,12,0.08359456635318704
1851,1881,313,12,0.08359456635318704
1851,1881,408,12,0.08359456635318704
1851,1881,417,12,0.08359456635318704
1851,1881,543,12,0.08359456635318704
1851,1881,579,12,0.08359456635318704
1851,1881,719,12,0.08359456635318704
1851,1881,722,12,0.08359456635318704
1851,1881,791,12,0.08359456635318704
1851,1881,175,11,0.07662835249042145
1851,1881,183,11,0.07662835249042145
1851,1881,257,11,0.07662835249042145
1851,1881,301,11,0.07662835249042145
1851,1881,406,11,0.07662835249042145
1851,1881,431,11,0.07662835249042145
1851,1881,5,11,0.07662835249042145
1851,1881,531,11,0.07662835249042145
1851,1881,614,11,0.07662835249042145
1851,1881,625,11,0.07662835249042145
1851,1881,662,11,0.07662835249042145
1851,1881,733,11,0.07662835249042145
1851,1881,787,11,0.07662835249042145
1851,1881,794,11,0.07662835249042145
1851,1881,85,11,0.07662835249042145
1851,1881,120,10,0.06966213862765587
1851,1881,143,10,0.06966213862765587
1851,1881,180,10,0.06966213862765587
1851,1881,296,10,0.06966213862765587
1851,1881,440,10,0.06966213862765587
1851,1881,470,10,0.06966213862765587
1851,1881,484,10,0.06966213862765587
1851,1881,661,10,0.06966213862765587
1851,1881,665,10,0.06966213862765587
1851,1881,111,9,0.06269592476489028
1851,1881,128,9,0.06269592476489028
1851,1881,137,9,0.06269592476489028
1851,1881,35,9,0.06269592476489028
1851,1881,66,9,0.06269592476489028
1851,1881,76,9,0.06269592476489028
1851,1881,773,9,0.06269592476489028
1851,1881,117,8,0.055729710902124696
1851,1881,135,8,0.055729710902124696
1851,1881,203,8,0.055729710902124696
1851,1881,226,8,0.055729710902124696
1851,1881,229,8,0.055729710902124696
1851,1881,244,8,0.055729710902124696
1851,1881,248,8,0.055729710902124696
1851,1881,265,8,0.055729710902124696
1851,1881,331,8,0.055729710902124696
1851,1881,334,8,0.055729710902124696
1851,1881,339,8,0.055729710902124696
1851,1881,432,8,0.055729710902124696
1851,1881,46,8,0.055729710902124696
1851,1881,473,8,0.055729710902124696
1851,1881,619,8,0.055729710902124696
1851,1881,649,8,0.055729710902124696
1851,1881,681,8,0.055729710902124696
1851,1881,102,7,0.04876349703935911
1851,1881,15,7,0.04876349703935911
1851,1881,155,7,0.04876349703935911
1851,1881,161,7,0.04876349703935911
1851,1881,163,7,0.04876349703935911
1851,1881,164,7,0.04876349703935911
1851,1881,214,7,0.04876349703935911
1851,1881,230,7,0.04876349703935911
1851,1881,251,7,0.04876349703935911
1851,1881,253,7,0.04876349703935911
1851,1881,318,7,0.04876349703935911
1851,1881,38,7,0.04876349703935911
1851,1881,416,7,0.04876349703935911
1851,1881,434,7,0.04876349703935911
1851,1881,435,7,0.04876349703935911
1851,1881,556,7,0.04876349703935911
1851,1881,623,7,0.04876349703935911
1851,1881,638,7,0.04876349703935911
1851,1881,666,7,0.04876349703935911
1851,1881,724,7,0.04876349703935911
1851,1881,738,7,0.04876349703935911
1851,1881,134,6,0.04179728317659352
1851,1881,191,6,0.04179728317659352
1851,1881,2,6,0.04179728317659352
1851,1881,208,6,0.04179728317659352
1851,1881,241,6,0.04179728317659352
1851,1881,254,6,0.04179728317659352
1851,1881,267,6,0.04179728317659352
1851,1881,274,6,0.04179728317659352
1851,1881,308,6,0.04179728317659352
1851,1881,359,6,0.04179728317659352
1851,1881,370,6,0.04179728317659352
1851,1881,374,6,0.04179728317659352
1851,1881,382,6,0.04179728317659352
1851,1881,400,6,0.04179728317659352
1851,1881,426,6,0.04179728317659352
1851,1881,454,6,0.04179728317659352
1851,1881,480,6,0.04179728317659352
1851,1881,511,6,0.04179728317659352
1851,1881,565,6,0.04179728317659352
1851,1881,583,6,0.04179728317659352
1851,1881,626,6,0.04179728317659352
1851,1881,654,6,0.04179728317659352
1851,1881,658,6,0.04179728317659352
1851,1881,707,6,0.04179728317659352
1851,1881,771,6,0.04179728317659352
1851,1881,774,6,0.04179728317659352
1851,1881,9,6,0.04179728317659352
1851,1881,118,5,0.034831069313827935
1851,1881,127,5,0.034831069313827935
1851,1881,130,5,0.034831069313827935
1851,1881,136,5,0.034831069313827935
1851,1881,200,5,0.034831069313827935
1851,1881,209,5,0.034831069313827935
1851,1881,24,5,0.034831069313827935
1851,1881,246,5,0.034831069313827935
1851,1881,269,5,0.034831069313827935
1851,1881,272,5,0.034831069313827935
1851,1881,276,5,0.034831069313827935
1851,1881,397,5,0.034831069313827935
1851,1881,487,5,0.034831069313827935
1851,1881,522,5,0.034831069313827935
1851,1881,542,5,0.034831069313827935
1851,1881,597,5,0.034831069313827935
1851,1881,598,5,0.034831069313827935
1851,1881,650,5,0.034831069313827935
1851,1881,660,5,0.034831069313827935
1851,1881,689,5,0.034831069313827935
1851,1881,70,5,0.034831069313827935
1851,1881,716,5,0.034831069313827935
1851,1881,740,5,0.034831069313827935
1851,1881,759,5,0.034831069313827935
1851,1881,108,4,0.027864855451062348
1851,1881,113,4,0.027864855451062348
1851,1881,123,4,0.027864855451062348
1851,1881,148,4,0.027864855451062348
1851,1881,232,4,0.027864855451062348
1851,1881,286,4,0.027864855451062348
1851,1881,289,4,0.027864855451062348
1851,1881,293,4,0.027864855451062348
1851,1881,298,4,0.027864855451062348
1851,1881,299,4,0.027864855451062348
1851,1881,315,4,0.027864855451062348
1851,1881,329,4,0.027864855451062348
1851,1881,376,4,0.027864855451062348
1851,1881,39,4,0.027864855451062348
1851,1881,407,4,0.027864855451062348
1851,1881,41,4,0.027864855451062348
1851,1881,44,4,0.027864855451062348
1851,1881,443,4,0.027864855451062348
1851,1881,445,4,0.027864855451062348
1851,1881,446,4,0.027864855451062348
1851,1881,461,4,0.027864855451062348
1851,1881,468,4,0.027864855451062348
1851,1881,474,4,0.027864855451062348
1851,1881,479,4,0.027864855451062348
1851,1881,529,4,0.027864855451062348
1851,1881,533,4,0.027864855451062348
1851,1881,54,4,0.027864855451062348
1851,1881,568,4,0.027864855451062348
1851,1881,57,4,0.027864855451062348
1851,1881,631,4,0.027864855451062348
1851,1881,64,4,0.027864855451062348
1851,1881,640,4,0.027864855451062348
1851,1881,699,4,0.027864855451062348
1851,1881,701,4,0.027864855451062348
1851,1881,711,4,0.027864855451062348
1851,1881,742,4,0.027864855451062348
1851,1881,95,4,0.027864855451062348
1851,1881,124,3,0.02089864158829676
1851,1881,188,3,0.02089864158829676
1851,1881,204,3,0.02089864158829676
1851,1881,237,3,0.02089864158829676
1851,1881,255,3,0.02089864158829676
1851,1881,306,3,0.02089864158829676
1851,1881,309,3,0.02089864158829676
1851,1881,319,3,0.02089864158829676
1851,1881,326,3,0.02089864158829676
1851,1881,330,3,0.02089864158829676
1851,1881,34,3,0.02089864158829676
1851,1881,342,3,0.02089864158829676
1851,1881,357,3,0.02089864158829676
1851,1881,368,3,0.02089864158829676
1851,1881,385,3,0.02089864158829676
1851,1881,395,3,0.02089864158829676
1851,1881,410,3,0.02089864158829676
1851,1881,420,3,0.02089864158829676
1851,1881,422,3,0.02089864158829676
1851,1881,429,3,0.02089864158829676
1851,1881,451,3,0.02089864158829676
1851,1881,452,3,0.02089864158829676
1851,1881,458,3,0.02089864158829676
1851,1881,463,3,0.02089864158829676
1851,1881,483,3,0.02089864158829676
1851,1881,505,3,0.02089864158829676
1851,1881,508,3,0.02089864158829676
1851,1881,540,3,0.02089864158829676
1851,1881,547,3,0.02089864158829676
1851,1881,552,3,0.02089864158829676
1851,1881,563,3,0.02089864158829676
1851,1881,569,3,0.02089864158829676
1851,1881,599,3,0.02089864158829676
1851,1881,601,3,0.02089864158829676
1851,1881,604,3,0.02089864158829676
1851,1881,618,3,0.02089864158829676
1851,1881,62,3,0.02089864158829676
1851,1881,634,3,0.02089864158829676
1851,1881,643,3,0.02089864158829676
1851,1881,646,3,0.02089864158829676
1851,1881,669,3,0.02089864158829676
1851,1881,679,3,0.02089864158829676
1851,1881,684,3,0.02089864158829676
1851,1881,690,3,0.02089864158829676
1851,1881,693,3,0.02089864158829676
1851,1881,706,3,0.02089864158829676
1851,1881,718,3,0.02089864158829676
1851,1881,720,3,0.02089864158829676
1851,1881,73,3,0.02089864158829676
1851,1881,734,3,0.02089864158829676
1851,1881,743,3,0.02089864158829676
1851,1881,747,3,0.02089864158829676
1851,1881,782,3,0.02089864158829676
1851,1881,796,3,0.02089864158829676
1851,1881,81,3,0.02089864158829676
1851,1881,94,3,0.02089864158829676
1851,1881,10,2,0.013932427725531174
1851,1881,101,2,0.013932427725531174
1851,1881,107,2,0.013932427725531174
1851,1881,110,2,0.013932427725531174
1851,1881,142,2,0.013932427725531174
1851,1881,144,2,0.013932427725531174
1851,1881,147,2,0.013932427725531174
1851,1881,156,2,0.013932427725531174
1851,1881,167,2,0.013932427725531174
1851,1881,169,2,0.013932427725531174
1851,1881,225,2,0.013932427725531174
1851,1881,233,2,0.013932427725531174
1851,1881,247,2,0.013932427725531174
1851,1881,268,2,0.013932427725531174
1851,1881,273,2,0.013932427725531174
1851,1881,29,2,0.013932427725531174
1851,1881,303,2,0.013932427725531174
1851,1881,307,2,0.013932427725531174
1851,1881,327,2,0.013932427725531174
1851,1881,333,2,0.013932427725531174
1851,1881,349,2,0.013932427725531174
1851,1881,358,2,0.013932427725531174
1851,1881,360,2,0.013932427725531174
1851,1881,378,2,0.013932427725531174
1851,1881,380,2,0.013932427725531174
1851,1881,387,2,0.013932427725531174
1851,1881,389,2,0.013932427725531174
1851,1881,393,2,0.013932427725531174
1851,1881,4,2,0.013932427725531174
1851,1881,419,2,0.013932427725531174
1851,1881,427,2,0.013932427725531174
1851,1881,430,2,0.013932427725531174
1851,1881,433,2,0.013932427725531174
1851,1881,448,2,0.013932427725531174
1851,1881,45,2,0.013932427725531174
1851,1881,456,2,0.013932427725531174
1851,1881,459,2,0.013932427725531174
1851,1881,465,2,0.013932427725531174
1851,1881,466,2,0.013932427725531174
1851,1881,47,2,0.013932427725531174
1851,1881,477,2,0.013932427725531174
1851,1881,481,2,0.013932427725531174
1851,1881,490,2,0.013932427725531174
1851,1881,498,2,0.013932427725531174
1851,1881,501,2,0.013932427725531174
1851,1881,516,2,0.013932427725531174
1851,1881,520,2,0.013932427725531174
1851,1881,53,2,0.013932427725531174
1851,1881,581,2,0.013932427725531174
1851,1881,591,2,0.013932427725531174
1851,1881,595,2,0.013932427725531174
1851,1881,611,2,0.013932427725531174
1851,1881,617,2,0.013932427725531174
1851,1881,63,2,0.013932427725531174
1851,1881,632,2,0.013932427725531174
1851,1881,635,2,0.013932427725531174
1851,1881,641,2,0.013932427725531174
1851,1881,645,2,0.013932427725531174
1851,1881,670,2,0.013932427725531174
1851,1881,678,2,0.013932427725531174
1851,1881,72,2,0.013932427725531174
1851,1881,721,2,0.013932427725531174
1851,1881,739,2,0.013932427725531174
1851,1881,750,2,0.013932427725531174
1851,1881,756,2,0.013932427725531174
1851,1881,767,2,0.013932427725531174
1851,1881,769,2,0.013932427725531174
1851,1881,776,2,0.013932427725531174
1851,1881,777,2,0.013932427725531174
1851,1881,786,2,0.013932427725531174
1851,1881,98,2,0.013932427725531174
1851,1881,106,1,0.006966213862765587
1851,1881,109,1,0.006966213862765587
1851,1881,145,1,0.006966213862765587
1851,1881,151,1,0.006966213862765587
1851,1881,152,1,0.006966213862765587
1851,1881,159,1,0.006966213862765587
1851,1881,165,1,0.006966213862765587
1851,1881,186,1,0.006966213862765587
1851,1881,192,1,0.006966213862765587
1851,1881,201,1,0.006966213862765587
1851,1881,205,1,0.006966213862765587
1851,1881,216,1,0.006966213862765587
1851,1881,218,1,0.006966213862765587
1851,1881,219,1,0.006966213862765587
1851,1881,220,1,0.006966213862765587
1851,1881,228,1,0.006966213862765587
1851,1881,243,1,0.006966213862765587
1851,1881,25,1,0.006966213862765587
1851,1881,250,1,0.006966213862765587
1851,1881,252,1,0.006966213862765587
1851,1881,261,1,0.006966213862765587
1851,1881,270,1,0.006966213862765587
1851,1881,278,1,0.006966213862765587
1851,1881,291,1,0.006966213862765587
1851,1881,297,1,0.006966213862765587
1851,1881,300,1,0.006966213862765587
1851,1881,314,1,0.006966213862765587
1851,1881,316,1,0.006966213862765587
1851,1881,317,1,0.006966213862765587
1851,1881,320,1,0.006966213862765587
1851,1881,337,1,0.006966213862765587
1851,1881,338,1,0.006966213862765587
1851,1881,344,1,0.006966213862765587
1851,1881,347,1,0.006966213862765587
1851,1881,352,1,0.006966213862765587
1851,1881,367,1,0.006966213862765587
1851,1881,372,1,0.006966213862765587
1851,1881,377,1,0.006966213862765587
1851,1881,379,1,0.006966213862765587
1851,1881,381,1,0.006966213862765587
1851,1881,394,1,0.006966213862765587
1851,1881,398,1,0.006966213862765587
1851,1881,399,1,0.006966213862765587
1851,1881,424,1,0.006966213862765587
1851,1881,439,1,0.006966213862765587
1851,1881,441,1,0.006966213862765587
1851,1881,444,1,0.006966213862765587
1851,1881,449,1,0.006966213862765587
1851,1881,450,1,0.006966213862765587
1851,1881,475,1,0.006966213862765587
1851,1881,478,1,0.006966213862765587
1851,1881,491,1,0.006966213862765587
1851,1881,496,1,0.006966213862765587
1851,1881,50,1,0.006966213862765587
1851,1881,502,1,0.006966213862765587
1851,1881,51,1,0.006966213862765587
1851,1881,513,1,0.006966213862765587
1851,1881,515,1,0.006966213862765587
1851,1881,518,1,0.006966213862765587
1851,1881,521,1,0.006966213862765587
1851,1881,526,1,0.006966213862765587
1851,1881,527,1,0.006966213862765587
1851,1881,530,1,0.006966213862765587
1851,1881,534,1,0.006966213862765587
1851,1881,535,1,0.006966213862765587
1851,1881,538,1,0.006966213862765587
1851,1881,539,1,0.006966213862765587
1851,1881,541,1,0.006966213862765587
1851,1881,545,1,0.006966213862765587
1851,1881,546,1,0.006966213862765587
1851,1881,585,1,0.006966213862765587
1851,1881,588,1,0.006966213862765587
1851,1881,59,1,0.006966213862765587
1851,1881,594,1,0.006966213862765587
1851,1881,60,1,0.006966213862765587
1851,1881,600,1,0.006966213862765587
1851,1881,602,1,0.006966213862765587
1851,1881,61,1,0.006966213862765587
1851,1881,612,1,0.006966213862765587
1851,1881,633,1,0.006966213862765587
1851,1881,648,1,0.006966213862765587
1851,1881,65,1,0.006966213862765587
1851,1881,652,1,0.006966213862765587
1851,1881,664,1,0.006966213862765587
1851,1881,673,1,0.006966213862765587
1851,1881,683,1,0.006966213862765587
1851,1881,688,1,0.006966213862765587
1851,1881,69,1,0.006966213862765587
1851,1881,696,1,0.006966213862765587
1851,1881,7,1,0.006966213862765587
1851,1881,700,1,0.006966213862765587
1851,1881,703,1,0.006966213862765587
1851,1881,71,1,0.006966213862765587
1851,1881,710,1,0.006966213862765587
1851,1881,726,1,0.006966213862765587
1851,1881,728,1,0.006966213862765587
1851,1881,731,1,0.006966213862765587
1851,1881,735,1,0.006966213862765587
1851,1881,737,1,0.006966213862765587
1851,1881,744,1,0.006966213862765587
1851,1881,745,1,0.006966213862765587
1851,1881,755,1,0.006966213862765587
1851,1881,762,1,0.006966213862765587
1851,1881,764,1,0.006966213862765587
1851,1881,77,1,0.006966213862765587
1851,1881,780,1,0.006966213862765587
1851,1881,783,1,0.006966213862765587
1851,1881,795,1,0.006966213862765587
1851,1881,90,1,0.006966213862765587
1851,1881,93,1,0.006966213862765587
1851,1881,99,1,0.006966213862765587
1861,1891,181,2275,10.887772194304858
1861,1891,173,1652,7.906197654941374
1861,1891,663,677,3.240009571667863
1861,1891,409,543,2.598707824838478
1861,1891,765,534,2.555635319454415
1861,1891,551,518,2.4790619765494135
1861,1891,797,369,1.76597272074659
1861,1891,196,359,1.7181143814309643
1861,1891,653,335,1.6032543670734625
1861,1891,262,313,1.497966020579086
1861,1891,141,298,1.4261785116056473
1861,1891,713,274,1.3113184972481455
1861,1891,697,266,1.273031825795645
1861,1891,561,224,1.0720268006700167
1861,1891,414,223,1.0672409667384541
1861,1891,555,210,1.0050251256281406
1861,1891,185,202,0.9667384541756401
1861,1891,119,180,0.8614501076812635
1861,1891,177,170,0.8135917683656377
1861,1891,682,168,0.8040201005025126
1861,1891,549,162,0.7753050969131371
1861,1891,412,159,0.7609475951184493
1861,1891,84,158,0.7561617611868868
1861,1891,105,147,0.7035175879396985
1861,1891,766,145,0.6939459200765733
1861,1891,562,144,0.6891600861450108
1861,1891,464,138,0.6604450825556353
1861,1891,691,138,0.6604450825556353
1861,1891,259,126,0.6030150753768844
1861,1891,550,124,0.5934434075137592
1861,1891,178,116,0.5551567360612587
1861,1891,576,111,0.5312275664034458
1861,1891,453,110,0.5264417324718832
1861,1891,52,106,0.5072983967456329
1861,1891,171,105,0.5025125628140703
1861,1891,686,105,0.5025125628140703
1861,1891,421,104,0.4977267288825078
1861,1891,655,104,0.4977267288825078
1861,1891,592,96,0.45944005743000715
1861,1891,405,95,0.4546542234984446
1861,1891,11,93,0.44508255563531945
1861,1891,157,90,0.43072505384063176
1861,1891,168,87,0.416367552045944
1861,1891,366,85,0.40679588418281887
1861,1891,628,85,0.40679588418281887
1861,1891,139,83,0.3972242163196937
1861,1891,761,82,0.3924383823881311
1861,1891,548,81,0.38765254845656855
1861,1891,132,78,0.37329504666188085
1861,1891,263,78,0.37329504666188085
1861,1891,133,77,0.3685092127303183
1861,1891,235,77,0.3685092127303183
1861,1891,104,76,0.36372337879875566
1861,1891,788,76,0.36372337879875566
1861,1891,709,75,0.3589375448671931
1861,1891,778,75,0.3589375448671931
1861,1891,571,74,0.3541517109356305
1861,1891,606,73,0.34936587700406796
1861,1891,224,72,0.3445800430725054
1861,1891,714,71,0.3397942091409428
1861,1891,294,69,0.33022254127781764
1861,1891,572,69,0.33022254127781764
1861,1891,125,68,0.32543670734625507
1861,1891,467,68,0.32543670734625507
1861,1891,768,67,0.3206508734146925
1861,1891,438,64,0.3062933716200048
1861,1891,692,62,0.2967217037568796
1861,1891,348,61,0.29193586982531705
1861,1891,657,60,0.2871500358937545
1861,1891,558,59,0.2823642019621919
1861,1891,88,58,0.27757836803062935
1861,1891,386,57,0.2727925340990668
1861,1891,758,57,0.2727925340990668
1861,1891,279,56,0.26800670016750416
1861,1891,457,56,0.26800670016750416
1861,1891,559,55,0.2632208662359416
1861,1891,536,54,0.25843503230437903
1861,1891,114,52,0.2488633644412539
1861,1891,510,52,0.2488633644412539
1861,1891,680,52,0.2488633644412539
1861,1891,138,51,0.2440775305096913
1861,1891,265,51,0.2440775305096913
1861,1891,723,51,0.2440775305096913
1861,1891,198,50,0.23929169657812874
1861,1891,593,50,0.23929169657812874
1861,1891,343,48,0.22972002871500358
1861,1891,425,48,0.22972002871500358
1861,1891,482,48,0.22972002871500358
1861,1891,596,47,0.224934194783441
1861,1891,698,47,0.224934194783441
1861,1891,608,46,0.22014836085187844
1861,1891,789,46,0.22014836085187844
1861,1891,258,45,0.21536252692031588
1861,1891,557,45,0.21536252692031588
1861,1891,708,45,0.21536252692031588
1861,1891,712,45,0.21536252692031588
1861,1891,687,44,0.21057669298875328
1861,1891,85,44,0.21057669298875328
1861,1891,87,44,0.21057669298875328
1861,1891,166,43,0.20579085905719072
1861,1891,365,43,0.20579085905719072
1861,1891,622,43,0.20579085905719072
1861,1891,131,41,0.19621919119406556
1861,1891,210,40,0.191433357262503
1861,1891,790,40,0.191433357262503
1861,1891,162,38,0.18186168939937783
1861,1891,127,37,0.17707585546781526
1861,1891,369,37,0.17707585546781526
1861,1891,574,37,0.17707585546781526
1861,1891,184,36,0.1722900215362527
1861,1891,242,36,0.1722900215362527
1861,1891,180,35,0.16750418760469013
1861,1891,28,35,0.16750418760469013
1861,1891,999,35,0.16750418760469013
1861,1891,111,34,0.16271835367312754
1861,1891,280,34,0.16271835367312754
1861,1891,560,34,0.16271835367312754
1861,1891,607,34,0.16271835367312754
1861,1891,659,34,0.16271835367312754
1861,1891,112,33,0.15793251974156497
1861,1891,417,33,0.15793251974156497
1861,1891,506,33,0.15793251974156497
1861,1891,584,33,0.15793251974156497
1861,1891,668,33,0.15793251974156497
1861,1891,275,32,0.1531466858100024
1861,1891,579,31,0.1483608518784398
1861,1891,616,30,0.14357501794687724
1861,1891,627,30,0.14357501794687724
1861,1891,455,29,0.13878918401531468
1861,1891,507,29,0.13878918401531468
1861,1891,580,29,0.13878918401531468
1861,1891,770,29,0.13878918401531468
1861,1891,39,28,0.13400335008375208
1861,1891,470,28,0.13400335008375208
1861,1891,577,28,0.13400335008375208
1861,1891,677,28,0.13400335008375208
1861,1891,116,27,0.12921751615218952
1861,1891,12,27,0.12921751615218952
1861,1891,160,27,0.12921751615218952
1861,1891,301,27,0.12921751615218952
1861,1891,321,27,0.12921751615218952
1861,1891,413,27,0.12921751615218952
1861,1891,6,27,0.12921751615218952
1861,1891,290,26,0.12443168222062695
1861,1891,305,26,0.12443168222062695
1861,1891,33,26,0.12443168222062695
1861,1891,436,26,0.12443168222062695
1861,1891,531,26,0.12443168222062695
1861,1891,292,25,0.11964584828906437
1861,1891,40,25,0.11964584828906437
1861,1891,462,25,0.11964584828906437
1861,1891,486,25,0.11964584828906437
1861,1891,509,25,0.11964584828906437
1861,1891,128,24,0.11486001435750179
1861,1891,182,24,0.11486001435750179
1861,1891,211,24,0.11486001435750179
1861,1891,519,24,0.11486001435750179
1861,1891,542,24,0.11486001435750179
1861,1891,651,24,0.11486001435750179
1861,1891,751,24,0.11486001435750179
1861,1891,260,23,0.11007418042593922
1861,1891,334,23,0.11007418042593922
1861,1891,415,23,0.11007418042593922
1861,1891,722,23,0.11007418042593922
1861,1891,733,23,0.11007418042593922
1861,1891,115,22,0.10528834649437664
1861,1891,207,22,0.10528834649437664
1861,1891,537,22,0.10528834649437664
1861,1891,620,22,0.10528834649437664
1861,1891,685,22,0.10528834649437664
1861,1891,76,22,0.10528834649437664
1861,1891,244,21,0.10050251256281408
1861,1891,277,21,0.10050251256281408
1861,1891,3,21,0.10050251256281408
1861,1891,447,21,0.10050251256281408
1861,1891,623,21,0.10050251256281408
1861,1891,120,20,0.0957166786312515
1861,1891,121,20,0.0957166786312515
1861,1891,194,20,0.0957166786312515
1861,1891,2,20,0.0957166786312515
1861,1891,208,20,0.0957166786312515
1861,1891,226,20,0.0957166786312515
1861,1891,253,20,0.0957166786312515
1861,1891,437,20,0.0957166786312515
1861,1891,461,20,0.0957166786312515
1861,1891,583,20,0.0957166786312515
1861,1891,630,20,0.0957166786312515
1861,1891,760,20,0.0957166786312515
1861,1891,771,20,0.0957166786312515
1861,1891,773,20,0.0957166786312515
1861,1891,13,19,0.09093084469968891
1861,1891,179,19,0.09093084469968891
1861,1891,313,19,0.09093084469968891
1861,1891,738,19,0.09093084469968891
1861,1891,134,18,0.08614501076812635
1861,1891,202,18,0.08614501076812635
1861,1891,241,18,0.08614501076812635
1861,1891,293,18,0.08614501076812635
1861,1891,37,18,0.08614501076812635
1861,1891,611,18,0.08614501076812635
1861,1891,650,18,0.08614501076812635
1861,1891,665,18,0.08614501076812635
1861,1891,724,18,0.08614501076812635
1861,1891,772,18,0.08614501076812635
1861,1891,124,17,0.08135917683656377
1861,1891,566,17,0.08135917683656377
1861,1891,568,17,0.08135917683656377
1861,1891,91,17,0.08135917683656377
1861,1891,170,16,0.0765733429050012
1861,1891,174,16,0.0765733429050012
1861,1891,42,16,0.0765733429050012
1861,1891,451,16,0.0765733429050012
1861,1891,543,16,0.0765733429050012
1861,1891,143,15,0.07178750897343862
1861,1891,246,15,0.07178750897343862
1861,1891,529,15,0.07178750897343862
1861,1891,552,15,0.07178750897343862
1861,1891,618,15,0.07178750897343862
1861,1891,625,15,0.07178750897343862
1861,1891,762,15,0.07178750897343862
1861,1891,130,14,0.06700167504187604
1861,1891,14,14,0.06700167504187604
1861,1891,272,14,0.06700167504187604
1861,1891,339,14,0.06700167504187604
1861,1891,4,14,0.06700167504187604
1861,1891,406,14,0.06700167504187604
1861,1891,64,14,0.06700167504187604
1861,1891,135,13,0.062215841110313475
1861,1891,214,13,0.062215841110313475
1861,1891,329,13,0.062215841110313475
1861,1891,331,13,0.062215841110313475
1861,1891,359,13,0.062215841110313475
1861,1891,426,13,0.062215841110313475
1861,1891,573,13,0.062215841110313475
1861,1891,66,13,0.062215841110313475
1861,1891,662,13,0.062215841110313475
1861,1891,117,12,0.057430007178750894
1861,1891,137,12,0.057430007178750894
1861,1891,203,12,0.057430007178750894
1861,1891,209,12,0.057430007178750894
1861,1891,370,12,0.057430007178750894
1861,1891,382,12,0.057430007178750894
1861,1891,416,12,0.057430007178750894
1861,1891,473,12,0.057430007178750894
1861,1891,598,12,0.057430007178750894
1861,1891,613,12,0.057430007178750894
1861,1891,681,12,0.057430007178750894
1861,1891,689,12,0.057430007178750894
1861,1891,726,12,0.057430007178750894
1861,1891,186,11,0.05264417324718832
1861,1891,204,11,0.05264417324718832
1861,1891,229,11,0.05264417324718832
1861,1891,276,11,0.05264417324718832
1861,1891,349,11,0.05264417324718832
1861,1891,432,11,0.05264417324718832
1861,1891,439,11,0.05264417324718832
1861,1891,440,11,0.05264417324718832
1861,1891,516,11,0.05264417324718832
1861,1891,619,11,0.05264417324718832
1861,1891,63,11,0.05264417324718832
1861,1891,638,11,0.05264417324718832
1861,1891,649,11,0.05264417324718832
1861,1891,744,11,0.05264417324718832
1861,1891,759,11,0.05264417324718832
1861,1891,113,10,0.04785833931562575
1861,1891,318,10,0.04785833931562575
1861,1891,374,10,0.04785833931562575
1861,1891,422,10,0.04785833931562575
1861,1891,484,10,0.04785833931562575
1861,1891,512,10,0.04785833931562575
1861,1891,634,10,0.04785833931562575
1861,1891,661,10,0.04785833931562575
1861,1891,719,10,0.04785833931562575
1861,1891,73,10,0.04785833931562575
1861,1891,161,9,0.043072505384063174
1861,1891,164,9,0.043072505384063174
1861,1891,175,9,0.043072505384063174
1861,1891,183,9,0.043072505384063174
1861,1891,27,9,0.043072505384063174
1861,1891,289,9,0.043072505384063174
1861,1891,326,9,0.043072505384063174
1861,1891,434,9,0.043072505384063174
1861,1891,456,9,0.043072505384063174
1861,1891,483,9,0.043072505384063174
1861,1891,508,9,0.043072505384063174
1861,1891,643,9,0.043072505384063174
1861,1891,660,9,0.043072505384063174
1861,1891,70,9,0.043072505384063174
1861,1891,791,9,0.043072505384063174
1861,1891,794,9,0.043072505384063174
1861,1891,142,8,0.0382866714525006
1861,1891,155,8,0.0382866714525006
1861,1891,167,8,0.0382866714525006
1861,1891,200,8,0.0382866714525006
1861,1891,270,8,0.0382866714525006
1861,1891,296,8,0.0382866714525006
1861,1891,298,8,0.0382866714525006
1861,1891,315,8,0.0382866714525006
1861,1891,333,8,0.0382866714525006
1861,1891,459,8,0.0382866714525006
1861,1891,547,8,0.0382866714525006
1861,1891,595,8,0.0382866714525006
1861,1891,612,8,0.0382866714525006
1861,1891,707,8,0.0382866714525006
1861,1891,72,8,0.0382866714525006
1861,1891,8,8,0.0382866714525006
1861,1891,9,8,0.0382866714525006
1861,1891,237,7,0.03350083752093802
1861,1891,24,7,0.03350083752093802
1861,1891,269,7,0.03350083752093802
1861,1891,274,7,0.03350083752093802
1861,1891,286,7,0.03350083752093802
1861,1891,330,7,0.03350083752093802
1861,1891,34,7,0.03350083752093802
1861,1891,358,7,0.03350083752093802
1861,1891,400,7,0.03350083752093802
1861,1891,429,7,0.03350083752093802
1861,1891,443,7,0.03350083752093802
1861,1891,458,7,0.03350083752093802
1861,1891,468,7,0.03350083752093802
1861,1891,5,7,0.03350083752093802
1861,1891,564,7,0.03350083752093802
1861,1891,578,7,0.03350083752093802
1861,1891,587,7,0.03350083752093802
1861,1891,617,7,0.03350083752093802
1861,1891,633,7,0.03350083752093802
1861,1891,658,7,0.03350083752093802
1861,1891,679,7,0.03350083752093802
1861,1891,769,7,0.03350083752093802
1861,1891,787,7,0.03350083752093802
1861,1891,94,7,0.03350083752093802
1861,1891,106,6,0.028715003589375447
1861,1891,145,6,0.028715003589375447
1861,1891,158,6,0.028715003589375447
1861,1891,163,6,0.028715003589375447
1861,1891,20,6,0.028715003589375447
1861,1891,230,6,0.028715003589375447
1861,1891,257,6,0.028715003589375447
1861,1891,271,6,0.028715003589375447
1861,1891,273,6,0.028715003589375447
1861,1891,306,6,0.028715003589375447
1861,1891,309,6,0.028715003589375447
1861,1891,352,6,0.028715003589375447
1861,1891,379,6,0.028715003589375447
1861,1891,41,6,0.028715003589375447
1861,1891,435,6,0.028715003589375447
1861,1891,44,6,0.028715003589375447
1861,1891,454,6,0.028715003589375447
1861,1891,469,6,0.028715003589375447
1861,1891,480,6,0.028715003589375447
1861,1891,511,6,0.028715003589375447
1861,1891,614,6,0.028715003589375447
1861,1891,626,6,0.028715003589375447
1861,1891,632,6,0.028715003589375447
1861,1891,654,6,0.028715003589375447
1861,1891,666,6,0.028715003589375447
1861,1891,684,6,0.028715003589375447
1861,1891,706,6,0.028715003589375447
1861,1891,711,6,0.028715003589375447
1861,1891,716,6,0.028715003589375447
1861,1891,750,6,0.028715003589375447
1861,1891,775,6,0.028715003589375447
1861,1891,95,6,0.028715003589375447
1861,1891,136,5,0.023929169657812874
1861,1891,19,5,0.023929169657812874
1861,1891,205,5,0.023929169657812874
1861,1891,283,5,0.023929169657812874
1861,1891,357,5,0.023929169657812874
1861,1891,410,5,0.023929169657812874
1861,1891,420,5,0.023929169657812874
1861,1891,446,5,0.023929169657812874
1861,1891,474,5,0.023929169657812874
1861,1891,487,5,0.023929169657812874
1861,1891,498,5,0.023929169657812874
1861,1891,501,5,0.023929169657812874
1861,1891,522,5,0.023929169657812874
1861,1891,546,5,0.023929169657812874
1861,1891,556,5,0.023929169657812874
1861,1891,569,5,0.023929169657812874
1861,1891,57,5,0.023929169657812874
1861,1891,605,5,0.023929169657812874
1861,1891,645,5,0.023929169657812874
1861,1891,646,5,0.023929169657812874
1861,1891,7,5,0.023929169657812874
1861,1891,734,5,0.023929169657812874
1861,1891,102,4,0.0191433357262503
1861,1891,107,4,0.0191433357262503
1861,1891,129,4,0.0191433357262503
1861,1891,148,4,0.0191433357262503
1861,1891,15,4,0.0191433357262503
1861,1891,159,4,0.0191433357262503
1861,1891,165,4,0.0191433357262503
1861,1891,188,4,0.0191433357262503
1861,1891,219,4,0.0191433357262503
1861,1891,233,4,0.0191433357262503
1861,1891,248,4,0.0191433357262503
1861,1891,268,4,0.0191433357262503
1861,1891,291,4,0.0191433357262503
1861,1891,299,4,0.0191433357262503
1861,1891,35,4,0.0191433357262503
1861,1891,354,4,0.0191433357262503
1861,1891,360,4,0.0191433357262503
1861,1891,38,4,0.0191433357262503
1861,1891,380,4,0.0191433357262503
1861,1891,389,4,0.0191433357262503
1861,1891,428,4,0.0191433357262503
1861,1891,430,4,0.0191433357262503
1861,1891,433,4,0.0191433357262503
1861,1891,45,4,0.0191433357262503
1861,1891,465,4,0.0191433357262503
1861,1891,478,4,0.0191433357262503
1861,1891,479,4,0.0191433357262503
1861,1891,492,4,0.0191433357262503
1861,1891,497,4,0.0191433357262503
1861,1891,520,4,0.0191433357262503
1861,1891,54,4,0.0191433357262503
1861,1891,540,4,0.0191433357262503
1861,1891,565,4,0.0191433357262503
1861,1891,599,4,0.0191433357262503
1861,1891,693,4,0.0191433357262503
1861,1891,717,4,0.0191433357262503
1861,1891,743,4,0.0191433357262503
1861,1891,10,3,0.014357501794687724
1861,1891,101,3,0.014357501794687724
1861,1891,108,3,0.014357501794687724
1861,1891,147,3,0.014357501794687724
1861,1891,169,3,0.014357501794687724
1861,1891,192,3,0.014357501794687724
1861,1891,193,3,0.014357501794687724
1861,1891,247,3,0.014357501794687724
1861,1891,25,3,0.014357501794687724
1861,1891,264,3,0.014357501794687724
1861,1891,267,3,0.014357501794687724
1861,1891,295,3,0.014357501794687724
1861,1891,297,3,0.014357501794687724
1861,1891,308,3,0.014357501794687724
1861,1891,317,3,0.014357501794687724
1861,1891,319,3,0.014357501794687724
1861,1891,355,3,0.014357501794687724
1861,1891,367,3,0.014357501794687724
1861,1891,372,3,0.014357501794687724
1861,1891,387,3,0.014357501794687724
1861,1891,394,3,0.014357501794687724
1861,1891,397,3,0.014357501794687724
1861,1891,398,3,0.014357501794687724
1861,1891,43,3,0.014357501794687724
1861,1891,445,3,0.014357501794687724
1861,1891,49,3,0.014357501794687724
1861,1891,526,3,0.014357501794687724
1861,1891,53,3,0.014357501794687724
1861,1891,530,3,0.014357501794687724
1861,1891,539,3,0.014357501794687724
1861,1891,545,3,0.014357501794687724
1861,1891,594,3,0.014357501794687724
1861,1891,601,3,0.014357501794687724
1861,1891,615,3,0.014357501794687724
1861,1891,62,3,0.014357501794687724
1861,1891,631,3,0.014357501794687724
1861,1891,648,3,0.014357501794687724
1861,1891,669,3,0.014357501794687724
1861,1891,678,3,0.014357501794687724
1861,1891,720,3,0.014357501794687724
1861,1891,727,3,0.014357501794687724
1861,1891,731,3,0.014357501794687724
1861,1891,739,3,0.014357501794687724
1861,1891,746,3,0.014357501794687724
1861,1891,75,3,0.014357501794687724
1861,1891,97,3,0.014357501794687724
1861,1891,1,2,0.00957166786312515
1861,1891,100,2,0.00957166786312515
1861,1891,118,2,0.00957166786312515
1861,1891,150,2,0.00957166786312515
1861,1891,152,2,0.00957166786312515
1861,1891,221,2,0.00957166786312515
1861,1891,225,2,0.00957166786312515
1861,1891,227,2,0.00957166786312515
1861,1891,252,2,0.00957166786312515
1861,1891,261,2,0.00957166786312515
1861,1891,284,2,0.00957166786312515
1861,1891,30,2,0.00957166786312515
1861,1891,312,2,0.00957166786312515
1861,1891,316,2,0.00957166786312515
1861,1891,325,2,0.00957166786312515
1861,1891,340,2,0.00957166786312515
1861,1891,342,2,0.00957166786312515
1861,1891,345,2,0.00957166786312515
1861,1891,356,2,0.00957166786312515
1861,1891,368,2,0.00957166786312515
1861,1891,376,2,0.00957166786312515
1861,1891,377,2,0.00957166786312515
1861,1891,385,2,0.00957166786312515
1861,1891,395,2,0.00957166786312515
1861,1891,396,2,0.00957166786312515
1861,1891,407,2,0.00957166786312515
1861,1891,408,2,0.00957166786312515
1861,1891,423,2,0.00957166786312515
1861,1891,442,2,0.00957166786312515
1861,1891,450,2,0.00957166786312515
1861,1891,452,2,0.00957166786312515
1861,1891,466,2,0.00957166786312515
1861,1891,471,2,0.00957166786312515
1861,1891,476,2,0.00957166786312515
1861,1891,488,2,0.00957166786312515
1861,1891,489,2,0.00957166786312515
1861,1891,496,2,0.00957166786312515
1861,1891,50,2,0.00957166786312515
1861,1891,533,2,0.00957166786312515
1861,1891,58,2,0.00957166786312515
1861,1891,581,2,0.00957166786312515
1861,1891,585,2,0.00957166786312515
1861,1891,588,2,0.00957166786312515
1861,1891,597,2,0.00957166786312515
1861,1891,603,2,0.00957166786312515
1861,1891,609,2,0.00957166786312515
1861,1891,610,2,0.00957166786312515
1861,1891,635,2,0.00957166786312515
1861,1891,640,2,0.00957166786312515
1861,1891,644,2,0.00957166786312515
1861,1891,647,2,0.00957166786312515
1861,1891,65,2,0.00957166786312515
1861,1891,670,2,0.00957166786312515
1861,1891,675,2,0.00957166786312515
1861,1891,69,2,0.00957166786312515
1861,1891,695,2,0.00957166786312515
1861,1891,699,2,0.00957166786312515
1861,1891,700,2,0.00957166786312515
1861,1891,701,2,0.00957166786312515
1861,1891,703,2,0.00957166786312515
1861,1891,704,2,0.00957166786312515
1861,1891,71,2,0.00957166786312515
1861,1891,718,2,0.00957166786312515
1861,1891,728,2,0.00957166786312515
1861,1891,740,2,0.00957166786312515
1861,1891,742,2,0.00957166786312515
1861,1891,745,2,0.00957166786312515
1861,1891,747,2,0.00957166786312515
1861,1891,764,2,0.00957166786312515
1861,1891,777,2,0.00957166786312515
1861,1891,782,2,0.00957166786312515
1861,1891,79,2,0.00957166786312515
1861,1891,80,2,0.00957166786312515
1861,1891,81,2,0.00957166786312515
1861,1891,90,2,0.00957166786312515
1861,1891,103,1,0.004785833931562575
1861,1891,109,1,0.004785833931562575
1861,1891,123,1,0.004785833931562575
1861,1891,126,1,0.004785833931562575
1861,1891,151,1,0.004785833931562575
1861,1891,16,1,0.004785833931562575
1861,1891,172,1,0.004785833931562575
1861,1891,191,1,0.004785833931562575
1861,1891,206,1,0.004785833931562575
1861,1891,216,1,0.004785833931562575
1861,1891,22,1,0.004785833931562575
1861,1891,228,1,0.004785833931562575
1861,1891,231,1,0.004785833931562575
1861,1891,232,1,0.004785833931562575
1861,1891,238,1,0.004785833931562575
1861,1891,239,1,0.004785833931562575
1861,1891,243,1,0.004785833931562575
1861,1891,250,1,0.004785833931562575
1861,1891,254,1,0.004785833931562575
1861,1891,255,1,0.004785833931562575
1861,1891,266,1,0.004785833931562575
1861,1891,278,1,0.004785833931562575
1861,1891,281,1,0.004785833931562575
1861,1891,300,1,0.004785833931562575
1861,1891,302,1,0.004785833931562575
1861,1891,311,1,0.004785833931562575
1861,1891,323,1,0.004785833931562575
1861,1891,324,1,0.004785833931562575
1861,1891,338,1,0.004785833931562575
1861,1891,344,1,0.004785833931562575
1861,1891,347,1,0.004785833931562575
1861,1891,350,1,0.004785833931562575
1861,1891,351,1,0.004785833931562575
1861,1891,36,1,0.004785833931562575
1861,1891,363,1,0.004785833931562575
1861,1891,381,1,0.004785833931562575
1861,1891,384,1,0.004785833931562575
1861,1891,392,1,0.004785833931562575
1861,1891,393,1,0.004785833931562575
1861,1891,418,1,0.004785833931562575
1861,1891,419,1,0.004785833931562575
1861,1891,424,1,0.004785833931562575
1861,1891,427,1,0.004785833931562575
1861,1891,431,1,0.004785833931562575
1861,1891,441,1,0.004785833931562575
1861,1891,444,1,0.004785833931562575
1861,1891,448,1,0.004785833931562575
1861,1891,449,1,0.004785833931562575
1861,1891,46,1,0.004785833931562575
1861,1891,47,1,0.004785833931562575
1861,1891,475,1,0.004785833931562575
1861,1891,477,1,0.004785833931562575
1861,1891,485,1,0.004785833931562575
1861,1891,499,1,0.004785833931562575
1861,1891,502,1,0.004785833931562575
1861,1891,505,1,0.004785833931562575
1861,1891,514,1,0.004785833931562575
1861,1891,517,1,0.004785833931562575
1861,1891,521,1,0.004785833931562575
1861,1891,527,1,0.004785833931562575
1861,1891,541,1,0.004785833931562575
1861,1891,544,1,0.004785833931562575
1861,1891,55,1,0.004785833931562575
1861,1891,553,1,0.004785833931562575
1861,1891,554,1,0.004785833931562575
1861,1891,56,1,0.004785833931562575
1861,1891,563,1,0.004785833931562575
1861,1891,59,1,0.004785833931562575
1861,1891,591,1,0.004785833931562575
1861,1891,61,1,0.004785833931562575
1861,1891,641,1,0.004785833931562575
1861,1891,656,1,0.004785833931562575
1861,1891,664,1,0.004785833931562575
1861,1891,671,1,0.004785833931562575
1861,1891,672,1,0.004785833931562575
1861,1891,673,1,0.004785833931562575
1861,1891,688,1,0.004785833931562575
1861,1891,690,1,0.004785833931562575
1861,1891,694,1,0.004785833931562575
1861,1891,705,1,0.004785833931562575
1861,1891,710,1,0.004785833931562575
1861,1891,715,1,0.004785833931562575
1861,1891,732,1,0.004785833931562575
1861,1891,736,1,0.004785833931562575
1861,1891,737,1,0.004785833931562575
1861,1891,749,1,0.004785833931562575
1861,1891,755,1,0.004785833931562575
1861,1891,763,1,0.004785833931562575
1861,1891,77,1,0.004785833931562575
1861,1891,774,1,0.004785833931562575
1861,1891,776,1,0.004785833931562575
1861,1891,796,1,0.004785833931562575
1861,1891,82,1,0.004785833931562575
1861,1891,83,1,0.004785833931562575
1861,1891,98,1,0.004785833931562575
1861,1891,99,1,0.004785833931562575
1881,1911,181,3234,6.443899814693048
1881,1911,173,2226,4.435411560762748
1881,1911,765,1846,3.6782433697969594
1881,1911,409,1532,3.052583338314703
1881,1911,196,1271,2.5325283439934645
1881,1911,663,1186,2.3631617749616436
1881,1911,551,1057,2.1061230996074682
1881,1911,697,856,1.7056209775439855
1881,1911,555,736,1.4665152330284734
1881,1911,119,694,1.3828282224480444
1881,1911,141,677,1.34895490864168
1881,1911,713,640,1.275230637416064
1881,1911,262,632,1.259290254448363
1881,1911,412,526,1.0480801801263275
1881,1911,766,526,1.0480801801263275
1881,1911,682,513,1.0221770578038136
1881,1911,259,507,1.010221770578038
1881,1911,414,480,0.9564229780620479
1881,1911,653,475,0.946460238707235
1881,1911,549,466,0.9285273078685715
1881,1911,421,462,0.9205571163847212
1881,1911,185,453,0.9026241855460577
1881,1911,263,425,0.846832845159105
1881,1911,84,365,0.7272799729013489
1881,1911,405,362,0.7213023292884612
1881,1911,11,350,0.69739175483691
1881,1911,114,350,0.69739175483691
1881,1911,691,346,0.6894215633530596
1881,1911,177,336,0.6694960846434336
1881,1911,464,316,0.6296451272241815
1881,1911,628,313,0.6236674836112938
1881,1911,87,291,0.5798314304501165
1881,1911,85,290,0.577838882579154
1881,1911,125,275,0.547950664514715
1881,1911,105,251,0.5001295156116126
1881,1911,686,249,0.4961444198696874
1881,1911,127,242,0.4821965847729492
1881,1911,235,241,0.4802040369019866
1881,1911,224,240,0.47821148903102395
1881,1911,168,239,0.47621894116006136
1881,1911,52,238,0.47422639328909877
1881,1911,171,237,0.4722338454181362
1881,1911,133,235,0.468248749676211
1881,1911,788,235,0.468248749676211
1881,1911,104,219,0.4363679837408094
1881,1911,550,219,0.4363679837408094
1881,1911,131,216,0.4303903401279216
1881,1911,709,215,0.42839779225695895
1881,1911,138,209,0.41644250503118335
1881,1911,655,208,0.41444995716022076
1881,1911,265,204,0.4064797656763704
1881,1911,425,201,0.40050212206348257
1881,1911,723,196,0.39053938270866956
1881,1911,124,189,0.37659154761193137
1881,1911,438,189,0.37659154761193137
1881,1911,778,185,0.368621356128081
1881,1911,692,183,0.36463626038615576
1881,1911,132,182,0.3626437125151932
1881,1911,592,181,0.3606511646442306
1881,1911,698,180,0.358658616773268
1881,1911,178,174,0.3467033295474924
1881,1911,366,174,0.3467033295474924
1881,1911,789,174,0.3467033295474924
1881,1911,453,171,0.34072568593460456
1881,1911,334,170,0.33873313806364197
1881,1911,562,170,0.33873313806364197
1881,1911,275,169,0.3367405901926794
1881,1911,198,166,0.3307629465797916
1881,1911,386,166,0.3307629465797916
1881,1911,365,161,0.3208002072249786
1881,1911,369,160,0.318807659354016
1881,1911,657,159,0.31681511148305336
1881,1911,714,159,0.31681511148305336
1881,1911,157,158,0.31482256361209077
1881,1911,348,158,0.31482256361209077
1881,1911,536,158,0.31482256361209077
1881,1911,758,158,0.31482256361209077
1881,1911,242,153,0.30485982425727776
1881,1911,467,153,0.30485982425727776
1881,1911,548,149,0.2968896327734274
1881,1911,139,148,0.2948970849024648
1881,1911,129,140,0.27895670193476396
1881,1911,128,139,0.27696415406380137
1881,1911,761,134,0.26700141470898836
1881,1911,519,127,0.25305357961225017
1881,1911,797,126,0.2510610317412876
1881,1911,112,122,0.24309084025743719
1881,1911,162,121,0.2410982923864746
1881,1911,561,121,0.2410982923864746
1881,1911,576,117,0.23312810090262417
1881,1911,768,114,0.22715045728973637
1881,1911,712,113,0.22515790941877378
1881,1911,417,112,0.2231653615478112
1881,1911,593,111,0.22117281367684857
1881,1911,457,110,0.21918026580588598
1881,1911,279,109,0.2171877179349234
1881,1911,294,109,0.2171877179349234
1881,1911,510,109,0.2171877179349234
1881,1911,531,109,0.2171877179349234
1881,1911,572,109,0.2171877179349234
1881,1911,680,107,0.21320262219299818
1881,1911,507,102,0.2032398828381852
1881,1911,115,101,0.20124733496722258
1881,1911,622,99,0.1972622392252974
1881,1911,413,97,0.1932771434833722
1881,1911,677,97,0.1932771434833722
1881,1911,166,96,0.1912845956124096
1881,1911,480,94,0.1872994998704844
1881,1911,659,94,0.1872994998704844
1881,1911,685,94,0.1872994998704844
1881,1911,40,93,0.1853069519995218
1881,1911,482,92,0.18331440412855918
1881,1911,571,92,0.18331440412855918
1881,1911,13,91,0.1813218562575966
1881,1911,455,90,0.179329308386634
1881,1911,708,89,0.17733676051567138
1881,1911,606,88,0.17534421264470879
1881,1911,207,87,0.1733516647737462
1881,1911,687,87,0.1733516647737462
1881,1911,130,84,0.1673740211608584
1881,1911,607,84,0.1673740211608584
1881,1911,608,84,0.1673740211608584
1881,1911,470,83,0.1653814732898958
1881,1911,120,82,0.16338892541893318
1881,1911,290,82,0.16338892541893318
1881,1911,3,81,0.1613963775479706
1881,1911,560,81,0.1613963775479706
1881,1911,116,80,0.159403829677008
1881,1911,33,80,0.159403829677008
1881,1911,343,80,0.159403829677008
1881,1911,665,80,0.159403829677008
1881,1911,668,80,0.159403829677008
1881,1911,2,79,0.15741128180604538
1881,1911,722,78,0.1554187339350828
1881,1911,170,77,0.1534261860641202
1881,1911,202,75,0.149441090322195
1881,1911,258,75,0.149441090322195
1881,1911,27,74,0.1474485424512324
1881,1911,557,74,0.1474485424512324
1881,1911,666,74,0.1474485424512324
1881,1911,506,73,0.14545599458026978
1881,1911,28,71,0.1414708988383446
1881,1911,559,71,0.1414708988383446
1881,1911,305,69,0.1374858030964194
1881,1911,462,69,0.1374858030964194
1881,1911,135,66,0.1315081594835316
1881,1911,529,66,0.1315081594835316
1881,1911,88,66,0.1315081594835316
1881,1911,194,65,0.129515611612569
1881,1911,313,65,0.129515611612569
1881,1911,724,65,0.129515611612569
1881,1911,596,64,0.12752306374160638
1881,1911,6,64,0.12752306374160638
1881,1911,321,63,0.1255305158706438
1881,1911,360,63,0.1255305158706438
1881,1911,260,62,0.1235379679996812
1881,1911,440,62,0.1235379679996812
1881,1911,121,61,0.12154542012871859
1881,1911,180,61,0.12154542012871859
1881,1911,426,61,0.12154542012871859
1881,1911,301,60,0.11955287225775599
1881,1911,662,60,0.11955287225775599
1881,1911,759,60,0.11955287225775599
1881,1911,76,60,0.11955287225775599
1881,1911,12,59,0.1175603243867934
1881,1911,179,59,0.1175603243867934
1881,1911,329,59,0.1175603243867934
1881,1911,512,57,0.11357522864486819
1881,1911,552,57,0.11357522864486819
1881,1911,280,56,0.1115826807739056
1881,1911,537,56,0.1115826807739056
1881,1911,579,56,0.1115826807739056
1881,1911,64,56,0.1115826807739056
1881,1911,186,55,0.10959013290294299
1881,1911,760,55,0.10959013290294299
1881,1911,111,53,0.1056050371610178
1881,1911,182,53,0.1056050371610178
1881,1911,272,53,0.1056050371610178
1881,1911,382,53,0.1056050371610178
1881,1911,451,52,0.10361248929005519
1881,1911,289,51,0.1016199414190926
1881,1911,616,51,0.1016199414190926
1881,1911,415,50,0.09962739354813
1881,1911,762,50,0.09962739354813
1881,1911,184,49,0.09763484567716739
1881,1911,620,49,0.09763484567716739
1881,1911,651,49,0.09763484567716739
1881,1911,711,49,0.09763484567716739
1881,1911,183,48,0.0956422978062048
1881,1911,244,48,0.0956422978062048
1881,1911,443,48,0.0956422978062048
1881,1911,473,48,0.0956422978062048
1881,1911,584,48,0.0956422978062048
1881,1911,771,48,0.0956422978062048
1881,1911,134,47,0.0936497499352422
1881,1911,558,47,0.0936497499352422
1881,1911,306,46,0.09165720206427959
1881,1911,42,46,0.09165720206427959
1881,1911,630,46,0.09165720206427959
1881,1911,326,45,0.089664654193317
1881,1911,598,45,0.089664654193317
1881,1911,699,45,0.089664654193317
1881,1911,143,44,0.08767210632235439
1881,1911,241,44,0.08767210632235439
1881,1911,277,44,0.08767210632235439
1881,1911,292,44,0.08767210632235439
1881,1911,509,44,0.08767210632235439
1881,1911,790,44,0.08767210632235439
1881,1911,999,44,0.08767210632235439
1881,1911,39,43,0.08567955845139179
1881,1911,437,43,0.08567955845139179
1881,1911,24,42,0.0836870105804292
1881,1911,253,42,0.0836870105804292
1881,1911,267,42,0.0836870105804292
1881,1911,349,41,0.08169446270946659
1881,1911,627,41,0.08169446270946659
1881,1911,359,40,0.079701914838504
1881,1911,436,40,0.079701914838504
1881,1911,447,40,0.079701914838504
1881,1911,461,40,0.079701914838504
1881,1911,770,40,0.079701914838504
1881,1911,14,39,0.0777093669675414
1881,1911,230,39,0.0777093669675414
1881,1911,707,39,0.0777093669675414
1881,1911,331,38,0.07571681909657879
1881,1911,625,38,0.07571681909657879
1881,1911,751,38,0.07571681909657879
1881,1911,118,37,0.0737242712256162
1881,1911,484,37,0.0737242712256162
1881,1911,542,37,0.0737242712256162
1881,1911,638,37,0.0737242712256162
1881,1911,716,37,0.0737242712256162
1881,1911,774,37,0.0737242712256162
1881,1911,37,36,0.0717317233546536
1881,1911,416,36,0.0717317233546536
1881,1911,547,36,0.0717317233546536
1881,1911,66,36,0.0717317233546536
1881,1911,113,35,0.06973917548369099
1881,1911,318,35,0.06973917548369099
1881,1911,34,35,0.06973917548369099
1881,1911,435,35,0.06973917548369099
1881,1911,468,35,0.06973917548369099
1881,1911,543,35,0.06973917548369099
1881,1911,574,35,0.06973917548369099
1881,1911,623,35,0.06973917548369099
1881,1911,743,35,0.06973917548369099
1881,1911,94,35,0.06973917548369099
1881,1911,160,34,0.0677466276127284
1881,1911,573,34,0.0677466276127284
1881,1911,613,34,0.0677466276127284
1881,1911,726,34,0.0677466276127284
1881,1911,481,33,0.0657540797417658
1881,1911,566,33,0.0657540797417658
1881,1911,654,33,0.0657540797417658
1881,1911,149,32,0.06376153187080319
1881,1911,556,32,0.06376153187080319
1881,1911,75,32,0.06376153187080319
1881,1911,203,31,0.0617689839998406
1881,1911,226,31,0.0617689839998406
1881,1911,631,31,0.0617689839998406
1881,1911,646,31,0.0617689839998406
1881,1911,738,31,0.0617689839998406
1881,1911,117,30,0.059776436128877994
1881,1911,269,30,0.059776436128877994
1881,1911,273,30,0.059776436128877994
1881,1911,333,30,0.059776436128877994
1881,1911,35,30,0.059776436128877994
1881,1911,486,30,0.059776436128877994
1881,1911,733,30,0.059776436128877994
1881,1911,772,30,0.059776436128877994
1881,1911,81,30,0.059776436128877994
1881,1911,91,30,0.059776436128877994
1881,1911,209,29,0.057783888257915396
1881,1911,229,29,0.057783888257915396
1881,1911,439,29,0.057783888257915396
1881,1911,210,28,0.0557913403869528
1881,1911,214,28,0.0557913403869528
1881,1911,274,28,0.0557913403869528
1881,1911,446,28,0.0557913403869528
1881,1911,583,28,0.0557913403869528
1881,1911,618,28,0.0557913403869528
1881,1911,660,28,0.0557913403869528
1881,1911,661,28,0.0557913403869528
1881,1911,72,28,0.0557913403869528
1881,1911,773,28,0.0557913403869528
1881,1911,408,27,0.0537987925159902
1881,1911,459,27,0.0537987925159902
1881,1911,469,27,0.0537987925159902
1881,1911,63,27,0.0537987925159902
1881,1911,8,27,0.0537987925159902
1881,1911,142,26,0.051806244645027595
1881,1911,200,26,0.051806244645027595
1881,1911,204,26,0.051806244645027595
1881,1911,246,26,0.051806244645027595
1881,1911,296,26,0.051806244645027595
1881,1911,316,26,0.051806244645027595
1881,1911,498,26,0.051806244645027595
1881,1911,611,26,0.051806244645027595
1881,1911,158,25,0.049813696774065
1881,1911,161,25,0.049813696774065
1881,1911,164,25,0.049813696774065
1881,1911,237,25,0.049813696774065
1881,1911,429,25,0.049813696774065
1881,1911,465,25,0.049813696774065
1881,1911,533,25,0.049813696774065
1881,1911,594,25,0.049813696774065
1881,1911,681,25,0.049813696774065
1881,1911,70,25,0.049813696774065
1881,1911,454,24,0.0478211489031024
1881,1911,483,24,0.0478211489031024
1881,1911,775,24,0.0478211489031024
1881,1911,276,23,0.045828601032139794
1881,1911,278,23,0.045828601032139794
1881,1911,286,23,0.045828601032139794
1881,1911,43,23,0.045828601032139794
1881,1911,508,23,0.045828601032139794
1881,1911,539,23,0.045828601032139794
1881,1911,719,23,0.045828601032139794
1881,1911,106,22,0.043836053161177196
1881,1911,159,22,0.043836053161177196
1881,1911,315,22,0.043836053161177196
1881,1911,372,22,0.043836053161177196
1881,1911,374,22,0.043836053161177196
1881,1911,389,22,0.043836053161177196
1881,1911,44,22,0.043836053161177196
1881,1911,489,22,0.043836053161177196
1881,1911,501,22,0.043836053161177196
1881,1911,643,22,0.043836053161177196
1881,1911,650,22,0.043836053161177196
1881,1911,95,22,0.043836053161177196
1881,1911,308,21,0.0418435052902146
1881,1911,406,21,0.0418435052902146
1881,1911,432,21,0.0418435052902146
1881,1911,474,21,0.0418435052902146
1881,1911,479,21,0.0418435052902146
1881,1911,619,21,0.0418435052902146
1881,1911,522,20,0.039850957419252
1881,1911,632,20,0.039850957419252
1881,1911,649,20,0.039850957419252
1881,1911,695,20,0.039850957419252
1881,1911,90,20,0.039850957419252
1881,1911,137,19,0.037858409548289396
1881,1911,15,19,0.037858409548289396
1881,1911,167,19,0.037858409548289396
1881,1911,261,19,0.037858409548289396
1881,1911,319,19,0.037858409548289396
1881,1911,370,19,0.037858409548289396
1881,1911,393,19,0.037858409548289396
1881,1911,658,19,0.037858409548289396
1881,1911,690,19,0.037858409548289396
1881,1911,73,19,0.037858409548289396
1881,1911,10,18,0.0358658616773268
1881,1911,102,18,0.0358658616773268
1881,1911,136,18,0.0358658616773268
1881,1911,148,18,0.0358658616773268
1881,1911,205,18,0.0358658616773268
1881,1911,225,18,0.0358658616773268
1881,1911,270,18,0.0358658616773268
1881,1911,307,18,0.0358658616773268
1881,1911,380,18,0.0358658616773268
1881,1911,46,18,0.0358658616773268
1881,1911,55,18,0.0358658616773268
1881,1911,56,18,0.0358658616773268
1881,1911,580,18,0.0358658616773268
1881,1911,684,18,0.0358658616773268
1881,1911,689,18,0.0358658616773268
1881,1911,717,18,0.0358658616773268
1881,1911,744,18,0.0358658616773268
1881,1911,9,18,0.0358658616773268
1881,1911,97,18,0.0358658616773268
1881,1911,123,17,0.0338733138063642
1881,1911,163,17,0.0338733138063642
1881,1911,211,17,0.0338733138063642
1881,1911,420,17,0.0338733138063642
1881,1911,614,17,0.0338733138063642
1881,1911,678,17,0.0338733138063642
1881,1911,268,16,0.031880765935401595
1881,1911,293,16,0.031880765935401595
1881,1911,400,16,0.031880765935401595
1881,1911,410,16,0.031880765935401595
1881,1911,434,16,0.031880765935401595
1881,1911,516,16,0.031880765935401595
1881,1911,565,16,0.031880765935401595
1881,1911,597,16,0.031880765935401595
1881,1911,703,16,0.031880765935401595
1881,1911,309,15,0.029888218064438997
1881,1911,317,15,0.029888218064438997
1881,1911,339,15,0.029888218064438997
1881,1911,381,15,0.029888218064438997
1881,1911,458,15,0.029888218064438997
1881,1911,564,15,0.029888218064438997
1881,1911,634,15,0.029888218064438997
1881,1911,721,15,0.029888218064438997
1881,1911,791,15,0.029888218064438997
1881,1911,93,15,0.029888218064438997
1881,1911,175,14,0.0278956701934764
1881,1911,208,14,0.0278956701934764
1881,1911,271,14,0.0278956701934764
1881,1911,4,14,0.0278956701934764
1881,1911,456,14,0.0278956701934764
1881,1911,568,14,0.0278956701934764
1881,1911,645,14,0.0278956701934764
1881,1911,647,14,0.0278956701934764
1881,1911,1,13,0.025903122322513798
1881,1911,144,13,0.025903122322513798
1881,1911,145,13,0.025903122322513798
1881,1911,169,13,0.025903122322513798
1881,1911,243,13,0.025903122322513798
1881,1911,266,13,0.025903122322513798
1881,1911,357,13,0.025903122322513798
1881,1911,385,13,0.025903122322513798
1881,1911,407,13,0.025903122322513798
1881,1911,41,13,0.025903122322513798
1881,1911,444,13,0.025903122322513798
1881,1911,488,13,0.025903122322513798
1881,1911,57,13,0.025903122322513798
1881,1911,727,13,0.025903122322513798
1881,1911,731,13,0.025903122322513798
1881,1911,742,13,0.025903122322513798
1881,1911,764,13,0.025903122322513798
1881,1911,312,12,0.0239105744515512
1881,1911,345,12,0.0239105744515512
1881,1911,433,12,0.0239105744515512
1881,1911,487,12,0.0239105744515512
1881,1911,5,12,0.0239105744515512
1881,1911,544,12,0.0239105744515512
1881,1911,679,12,0.0239105744515512
1881,1911,693,12,0.0239105744515512
1881,1911,706,12,0.0239105744515512
1881,1911,769,12,0.0239105744515512
1881,1911,787,12,0.0239105744515512
1881,1911,172,11,0.021918026580588598
1881,1911,174,11,0.021918026580588598
1881,1911,188,11,0.021918026580588598
1881,1911,30,11,0.021918026580588598
1881,1911,378,11,0.021918026580588598
1881,1911,395,11,0.021918026580588598
1881,1911,428,11,0.021918026580588598
1881,1911,497,11,0.021918026580588598
1881,1911,58,11,0.021918026580588598
1881,1911,101,10,0.019925478709626
1881,1911,126,10,0.019925478709626
1881,1911,192,10,0.019925478709626
1881,1911,25,10,0.019925478709626
1881,1911,252,10,0.019925478709626
1881,1911,449,10,0.019925478709626
1881,1911,450,10,0.019925478709626
1881,1911,466,10,0.019925478709626
1881,1911,476,10,0.019925478709626
1881,1911,485,10,0.019925478709626
1881,1911,526,10,0.019925478709626
1881,1911,53,10,0.019925478709626
1881,1911,530,10,0.019925478709626
1881,1911,577,10,0.019925478709626
1881,1911,578,10,0.019925478709626
1881,1911,725,10,0.019925478709626
1881,1911,98,10,0.019925478709626
1881,1911,152,9,0.0179329308386634
1881,1911,165,9,0.0179329308386634
1881,1911,17,9,0.0179329308386634
1881,1911,20,9,0.0179329308386634
1881,1911,201,9,0.0179329308386634
1881,1911,247,9,0.0179329308386634
1881,1911,251,9,0.0179329308386634
1881,1911,255,9,0.0179329308386634
1881,1911,354,9,0.0179329308386634
1881,1911,362,9,0.0179329308386634
1881,1911,387,9,0.0179329308386634
1881,1911,424,9,0.0179329308386634
1881,1911,477,9,0.0179329308386634
1881,1911,502,9,0.0179329308386634
1881,1911,54,9,0.0179329308386634
1881,1911,585,9,0.0179329308386634
1881,1911,610,9,0.0179329308386634
1881,1911,617,9,0.0179329308386634
1881,1911,79,9,0.0179329308386634
1881,1911,108,8,0.015940382967700797
1881,1911,147,8,0.015940382967700797
1881,1911,21,8,0.015940382967700797
1881,1911,216,8,0.015940382967700797
1881,1911,257,8,0.015940382967700797
1881,1911,264,8,0.015940382967700797
1881,1911,283,8,0.015940382967700797
1881,1911,298,8,0.015940382967700797
1881,1911,300,8,0.015940382967700797
1881,1911,302,8,0.015940382967700797
1881,1911,330,8,0.015940382967700797
1881,1911,397,8,0.015940382967700797
1881,1911,441,8,0.015940382967700797
1881,1911,505,8,0.015940382967700797
1881,1911,520,8,0.015940382967700797
1881,1911,546,8,0.015940382967700797
1881,1911,599,8,0.015940382967700797
1881,1911,626,8,0.015940382967700797
1881,1911,633,8,0.015940382967700797
1881,1911,640,8,0.015940382967700797
1881,1911,669,8,0.015940382967700797
1881,1911,7,8,0.015940382967700797
1881,1911,728,8,0.015940382967700797
1881,1911,739,8,0.015940382967700797
1881,1911,745,8,0.015940382967700797
1881,1911,146,7,0.0139478350967382
1881,1911,220,7,0.0139478350967382
1881,1911,254,7,0.0139478350967382
1881,1911,311,7,0.0139478350967382
1881,1911,314,7,0.0139478350967382
1881,1911,340,7,0.0139478350967382
1881,1911,347,7,0.0139478350967382
1881,1911,367,7,0.0139478350967382
1881,1911,368,7,0.0139478350967382
1881,1911,379,7,0.0139478350967382
1881,1911,418,7,0.0139478350967382
1881,1911,431,7,0.0139478350967382
1881,1911,452,7,0.0139478350967382
1881,1911,49,7,0.0139478350967382
1881,1911,500,7,0.0139478350967382
1881,1911,563,7,0.0139478350967382
1881,1911,62,7,0.0139478350967382
1881,1911,644,7,0.0139478350967382
1881,1911,65,7,0.0139478350967382
1881,1911,776,7,0.0139478350967382
1881,1911,100,6,0.0119552872257756
1881,1911,191,6,0.0119552872257756
1881,1911,248,6,0.0119552872257756
1881,1911,282,6,0.0119552872257756
1881,1911,422,6,0.0119552872257756
1881,1911,442,6,0.0119552872257756
1881,1911,47,6,0.0119552872257756
1881,1911,525,6,0.0119552872257756
1881,1911,527,6,0.0119552872257756
1881,1911,575,6,0.0119552872257756
1881,1911,601,6,0.0119552872257756
1881,1911,605,6,0.0119552872257756
1881,1911,710,6,0.0119552872257756
1881,1911,720,6,0.0119552872257756
1881,1911,747,6,0.0119552872257756
1881,1911,749,6,0.0119552872257756
1881,1911,750,6,0.0119552872257756
1881,1911,767,6,0.0119552872257756
1881,1911,794,6,0.0119552872257756
1881,1911,110,5,0.009962739354813
1881,1911,122,5,0.009962739354813
1881,1911,16,5,0.009962739354813
1881,1911,219,5,0.009962739354813
1881,1911,238,5,0.009962739354813
1881,1911,281,5,0.009962739354813
1881,1911,336,5,0.009962739354813
1881,1911,355,5,0.009962739354813
1881,1911,398,5,0.009962739354813
1881,1911,427,5,0.009962739354813
1881,1911,463,5,0.009962739354813
1881,1911,478,5,0.009962739354813
1881,1911,496,5,0.009962739354813
1881,1911,515,5,0.009962739354813
1881,1911,540,5,0.009962739354813
1881,1911,587,5,0.009962739354813
1881,1911,609,5,0.009962739354813
1881,1911,641,5,0.009962739354813
1881,1911,683,5,0.009962739354813
1881,1911,777,5,0.009962739354813
1881,1911,99,5,0.009962739354813
1881,1911,151,4,0.007970191483850399
1881,1911,18,4,0.007970191483850399
1881,1911,199,4,0.007970191483850399
1881,1911,227,4,0.007970191483850399
1881,1911,231,4,0.007970191483850399
1881,1911,232,4,0.007970191483850399
1881,1911,233,4,0.007970191483850399
1881,1911,249,4,0.007970191483850399
1881,1911,291,4,0.007970191483850399
1881,1911,320,4,0.007970191483850399
1881,1911,337,4,0.007970191483850399
1881,1911,352,4,0.007970191483850399
1881,1911,363,4,0.007970191483850399
1881,1911,376,4,0.007970191483850399
1881,1911,401,4,0.007970191483850399
1881,1911,445,4,0.007970191483850399
1881,1911,448,4,0.007970191483850399
1881,1911,471,4,0.007970191483850399
1881,1911,472,4,0.007970191483850399
1881,1911,48,4,0.007970191483850399
1881,1911,490,4,0.007970191483850399
1881,1911,511,4,0.007970191483850399
1881,1911,514,4,0.007970191483850399
1881,1911,528,4,0.007970191483850399
1881,1911,534,4,0.007970191483850399
1881,1911,569,4,0.007970191483850399
1881,1911,581,4,0.007970191483850399
1881,1911,59,4,0.007970191483850399
1881,1911,604,4,0.007970191483850399
1881,1911,71,4,0.007970191483850399
1881,1911,718,4,0.007970191483850399
1881,1911,734,4,0.007970191483850399
1881,1911,740,4,0.007970191483850399
1881,1911,746,4,0.007970191483850399
1881,1911,77,4,0.007970191483850399
1881,1911,796,4,0.007970191483850399
1881,1911,82,4,0.007970191483850399
1881,1911,150,3,0.0059776436128878
1881,1911,154,3,0.0059776436128878
1881,1911,155,3,0.0059776436128878
1881,1911,156,3,0.0059776436128878
1881,1911,187,3,0.0059776436128878
1881,1911,19,3,0.0059776436128878
1881,1911,239,3,0.0059776436128878
1881,1911,250,3,0.0059776436128878
1881,1911,288,3,0.0059776436128878
1881,1911,297,3,0.0059776436128878
1881,1911,299,3,0.0059776436128878
1881,1911,338,3,0.0059776436128878
1881,1911,377,3,0.0059776436128878
1881,1911,38,3,0.0059776436128878
1881,1911,383,3,0.0059776436128878
1881,1911,384,3,0.0059776436128878
1881,1911,399,3,0.0059776436128878
1881,1911,423,3,0.0059776436128878
1881,1911,430,3,0.0059776436128878
1881,1911,51,3,0.0059776436128878
1881,1911,586,3,0.0059776436128878
1881,1911,588,3,0.0059776436128878
1881,1911,591,3,0.0059776436128878
1881,1911,595,3,0.0059776436128878
1881,1911,612,3,0.0059776436128878
1881,1911,635,3,0.0059776436128878
1881,1911,637,3,0.0059776436128878
1881,1911,656,3,0.0059776436128878
1881,1911,664,3,0.0059776436128878
1881,1911,670,3,0.0059776436128878
1881,1911,700,3,0.0059776436128878
1881,1911,701,3,0.0059776436128878
1881,1911,730,3,0.0059776436128878
1881,1911,735,3,0.0059776436128878
1881,1911,756,3,0.0059776436128878
1881,1911,780,3,0.0059776436128878
1881,1911,190,2,0.003985095741925199
1881,1911,218,2,0.003985095741925199
1881,1911,22,2,0.003985095741925199
1881,1911,284,2,0.003985095741925199
1881,1911,287,2,0.003985095741925199
1881,1911,303,2,0.003985095741925199
1881,1911,304,2,0.003985095741925199
1881,1911,342,2,0.003985095741925199
1881,1911,356,2,0.003985095741925199
1881,1911,392,2,0.003985095741925199
1881,1911,394,2,0.003985095741925199
1881,1911,396,2,0.003985095741925199
1881,1911,45,2,0.003985095741925199
1881,1911,492,2,0.003985095741925199
1881,1911,493,2,0.003985095741925199
1881,1911,521,2,0.003985095741925199
1881,1911,532,2,0.003985095741925199
1881,1911,535,2,0.003985095741925199
1881,1911,538,2,0.003985095741925199
1881,1911,541,2,0.003985095741925199
1881,1911,545,2,0.003985095741925199
1881,1911,553,2,0.003985095741925199
1881,1911,60,2,0.003985095741925199
1881,1911,600,2,0.003985095741925199
1881,1911,615,2,0.003985095741925199
1881,1911,675,2,0.003985095741925199
1881,1911,676,2,0.003985095741925199
1881,1911,688,2,0.003985095741925199
1881,1911,69,2,0.003985095741925199
1881,1911,694,2,0.003985095741925199
1881,1911,736,2,0.003985095741925199
1881,1911,737,2,0.003985095741925199
1881,1911,754,2,0.003985095741925199
1881,1911,78,2,0.003985095741925199
1881,1911,103,1,0.0019925478709625997
1881,1911,140,1,0.0019925478709625997
1881,1911,153,1,0.0019925478709625997
1881,1911,193,1,0.0019925478709625997
1881,1911,195,1,0.0019925478709625997
1881,1911,213,1,0.0019925478709625997
1881,1911,221,1,0.0019925478709625997
1881,1911,228,1,0.0019925478709625997
1881,1911,29,1,0.0019925478709625997
1881,1911,295,1,0.0019925478709625997
1881,1911,31,1,0.0019925478709625997
1881,1911,310,1,0.0019925478709625997
1881,1911,32,1,0.0019925478709625997
1881,1911,323,1,0.0019925478709625997
1881,1911,327,1,0.0019925478709625997
1881,1911,344,1,0.0019925478709625997
1881,1911,350,1,0.0019925478709625997
1881,1911,358,1,0.0019925478709625997
1881,1911,390,1,0.0019925478709625997
1881,1911,419,1,0.0019925478709625997
1881,1911,475,1,0.0019925478709625997
1881,1911,491,1,0.0019925478709625997
1881,1911,494,1,0.0019925478709625997
1881,1911,50,1,0.0019925478709625997
1881,1911,513,1,0.0019925478709625997
1881,1911,517,1,0.0019925478709625997
1881,1911,518,1,0.0019925478709625997
1881,1911,554,1,0.0019925478709625997
1881,1911,582,1,0.0019925478709625997
1881,1911,589,1,0.0019925478709625997
1881,1911,602,1,0.0019925478709625997
1881,1911,61,1,0.0019925478709625997
1881,1911,624,1,0.0019925478709625997
1881,1911,648,1,0.0019925478709625997
1881,1911,652,1,0.0019925478709625997
1881,1911,667,1,0.0019925478709625997
1881,1911,67,1,0.0019925478709625997
1881,1911,673,1,0.0019925478709625997
1881,1911,696,1,0.0019925478709625997
1881,1911,704,1,0.0019925478709625997
1881,1911,715,1,0.0019925478709625997
1881,1911,741,1,0.0019925478709625997
1881,1911,748,1,0.0019925478709625997
1881,1911,755,1,0.0019925478709625997
1881,1911,757,1,0.0019925478709625997
1881,1911,763,1,0.0019925478709625997
1881,1911,786,1,0.0019925478709625997
1881,1911,80,1,0.0019925478709625997
1881,1911,83,1,0.0019925478709625997
1881,1911,89,1,0.0019925478709625997
